IM62v4,IM767v2,category,stratum,Athal,defline
x,MgIM767.11G000100,IM767+,out,AT4G20310,(1 of 1) K07765 - S2P endopeptidase (MBTPS2)
Migut.11G000100,x,IM62+,out,AT3G22670,(1 of 11) PTHR47942:SF63 - ATPASE EXPRESSION PROTEIN 3
Migut.11G000200,x,IM62+,out,AT5G18230,"(1 of 1) K12580 - CCR4-NOT transcription complex subunit 3 (CNOT3, NOT3)"
Migut.11G000300,x,IM62+,out,,
Migut.11G000400,MgIM767.11G000200,1:1,out,AT5G18230,"(1 of 1) K12580 - CCR4-NOT transcription complex subunit 3 (CNOT3, NOT3)"
Migut.11G000500,MgIM767.11G000300,1:1,out,AT1G43190,"(1 of 1) PTHR15592:SF18 - SMOOTH, ISOFORM T"
Migut.11G000600,MgIM767.11G000400,1:1,out,AT1G64760,"(1 of 2) PTHR32227:SF95 - GLUCAN ENDO-1,3-BETA-GLUCOSIDASE 8-RELATED"
Migut.11G000700,MgIM767.11G000500,1:1,out,AT3G03940,(1 of 1) PTHR11909:SF353 - PROTEIN KINASE FAMILY PROTEIN
Migut.11G000800,MgIM767.11G000600,1:1,out,AT5G18140,(1 of 1) PTHR43096:SF58 - CHAPERONE DNAJ-DOMAIN SUPERFAMILY PROTEIN
Migut.11G000900,MgIM767.11G000700,1:1,out,AT3G03900,"(1 of 1) PTHR11055:SF1 - PAPS SYNTHETASE, ISOFORM D"
Migut.11G001000,MgIM767.11G000800,1:1,out,AT3G03890,(1 of 1) PTHR13343:SF24 - OS07G0573800 PROTEIN
Migut.11G001100,MgIM767.11G000900,1:1,out,AT3G13520,(1 of 1) PTHR34114:SF10 - ARABINOGALACTAN PROTEIN 12
Migut.11G001200,MgIM767.11G001000,1:1,out,,
Migut.11G001300,MgIM767.11G001100,1:1,out,AT5G19780,(1 of 2) PTHR11588:SF494 - TUBULIN ALPHA-5 CHAIN
Migut.11G001400,MgIM767.11G001200,1:1,out,AT3G11940,"(1 of 2) K02989 - small subunit ribosomal protein S5e (RP-S5e, RPS5)"
Migut.11G001500,MgIM767.11G001300,1:1,out,AT3G11964,"(1 of 1) K14792 - rRNA biogenesis protein RRP5 (RRP5, PDCD11)"
Migut.11G001600,MgIM767.11G001400,1:1,out,AT3G03980,(1 of 1) PTHR48107:SF7 - RE15974P
Migut.11G001700,MgIM767.11G001500,1:1,out,AT5G06620,(1 of 1) PTHR12197:SF251 - EG:BACR7C10.4 PROTEIN
Migut.11G001800,MgIM767.11G001600,1:1,out,AT1G65450,(1 of 1) 2.3.1.188//2.3.1.99 - omega-hydroxypalmitate O-feruloyl transferase. / O-hydroxycinnamoyltransferase. // quinate O-hydroxycinnamoyltransferase. / hydroxycinnamoyl coenzyme A-quinate transferase.
Migut.11G001900,MgIM767.11G001700,1:1,out,AT2G42520,(1 of 1) PTHR47958:SF181 - DEAD-BOX ATP-DEPENDENT RNA HELICASE 37
Migut.11G002000,MgIM767.11G001800,1:1,out,AT3G11980,(1 of 1) PTHR11011:SF45 - FATTY ACYL-COA REDUCTASE
Migut.11G002100,MgIM767.11G001900,1:1,out,AT1G65450,(1 of 1) 2.3.1.188//2.3.1.99 - omega-hydroxypalmitate O-feruloyl transferase. / O-hydroxycinnamoyltransferase. // quinate O-hydroxycinnamoyltransferase. / hydroxycinnamoyl coenzyme A-quinate transferase.
Migut.11G002200,MgIM767.11G002000,1:1,out,AT3G58520,(1 of 15) PF11955 - Plant organelle RNA recognition domain (PORR)
Migut.11G002300,x,IM62+,out,,
Migut.11G002400,MgIM767.11G002100,1:1,out,AT3G58070,(1 of 1) PTHR46547:SF22 - ZINC FINGER PROTEIN GIS
Migut.11G002500,MgIM767.11G002200,1:1,out,AT1G65870,(1 of 2) PTHR21495:SF249 - DIRIGENT PROTEIN 17-RELATED
Migut.11G002600,MgIM767.11G002300,1:1,out,AT1G09690,"(1 of 4) K02889 - large subunit ribosomal protein L21e (RP-L21e, RPL21)"
Migut.11G002700,MgIM767.11G002400,1:1,out,AT4G29283,(1 of 6) PTHR33830:SF38 - DEFENSIN-LIKE PROTEIN 155-RELATED
Migut.11G002800,MgIM767.11G002500,1:1,out,AT3G58560,(1 of 1) PTHR12121:SF34 - LD39302P
Migut.11G002900,MgIM767.11G002600,1:1,out,AT3G58530,(1 of 1) PTHR13318:SF95 - F-BOX DOMAIN-CONTAINING PROTEIN
Migut.11G003000,MgIM767.11G002700,1:1,out,AT2G41970,(1 of 1) PTHR47983:SF16 - OS02G0565500 PROTEIN
Migut.11G003100,MgIM767.11G002800,1:1,out,AT4G29290,(1 of 3) PTHR33830:SF23 - DEFENSIN-LIKE PROTEIN 159-RELATED
Migut.11G003200,MgIM767.11G002900,1:1,out,AT3G58030,(1 of 1) PTHR12313:SF71 - RING-TYPE E3 UBIQUITIN TRANSFERASE
Migut.11G003300,MgIM767.11G003000,1:1,out,AT5G06720,(1 of 1) PTHR31388:SF139 - PEROXIDASE 53
Migut.11G003400,MgIM767.11G003100,1:1,out,AT5G39160,(1 of 3) PTHR31238:SF331 - GERMIN-LIKE PROTEIN SUBFAMILY 1 MEMBER 16-RELATED
Migut.11G003500,MgIM767.11G003200,1:1,out,AT5G06750,(1 of 1) PTHR47992:SF97 - PROTEIN PHOSPHATASE 2C 68-RELATED
Migut.11G003600,MgIM767.11G003300,1:1,out,AT2G37620,(1 of 2) PTHR11937:SF575 - ACTIN-1-RELATED
Migut.11G003700,MgIM767.11G003400,1:1,out,AT2G42070,(1 of 1) K18453 - ADP-ribose/FAD diphosphatase (NUDT23)
Migut.11G003800,MgIM767.11G003500,1:1,out,AT5G06760,(1 of 1) PTHR33493:SF2 - LATE EMBRYOGENESIS ABUNDANT PROTEIN 4-5
Migut.11G003900,MgIM767.11G003600,1:1,out,AT3G12130,"(1 of 1) PF00013//PF00642//PF14608 - KH domain (KH_1) // Zinc finger C-x8-C-x5-C-x3-H type (and similar) (zf-CCCH) // RNA-binding, Nab2-type zinc finger (zf-CCCH_2)"
Migut.11G004000,MgIM767.11G003700,1:1,out,AT2G05990,(1 of 1) K00208 - enoyl- (fabI)
Migut.11G004100,MgIM767.11G003800,1:1,out,AT3G57990,
Migut.11G004200,MgIM767.11G003900,1:1,out,AT3G57980,(1 of 1) PTHR37888:SF18 - DNA-BINDING BROMODOMAIN-CONTAINING PROTEIN
Migut.11G004300,MgIM767.11G004000,1:1,out,AT5G19630,(1 of 1) K07018 - uncharacterized protein (K07018)
Migut.11G004400,MgIM767.11G004100,1:1,out,AT5G13020,(1 of 1) PTHR33432:SF38 - PROTEIN EMSY-LIKE 3
Migut.11G004500,MgIM767.11G004200,1:1,out,AT5G26680,"(1 of 1) K04799 - flap endonuclease-1 (FEN1, RAD2)"
Migut.11G004600,MgIM767.11G004300,1:1,out,AT1G65450,(1 of 1) 2.3.1.188//2.3.1.99 - omega-hydroxypalmitate O-feruloyl transferase. / O-hydroxycinnamoyltransferase. // quinate O-hydroxycinnamoyltransferase. / hydroxycinnamoyl coenzyme A-quinate transferase.
Migut.11G004700,MgIM767.11G004400,1:1,out,AT3G57950,(1 of 27) PF05553 - Cotton fibre expressed protein (DUF761)
Migut.11G004800,MgIM767.11G004500,1:1,out,AT5G06800,(1 of 1) PTHR31314:SF7 - MYB-LIKE HTH TRANSCRIPTIONAL REGULATOR FAMILY PROTEIN
Migut.11G004900,MgIM767.11G004600,1:1,out,AT3G15010,(1 of 1) PTHR48024:SF25 - UBP1-ASSOCIATED PROTEIN 2C
Migut.11G005000,MgIM767.11G004700,1:1,out,AT5G06810,(1 of 1) PTHR13068:SF248 - TRANSCRIPTION TERMINATION FACTOR FAMILY PROTEIN
Migut.11G005100,MgIM767.11G004800,1:1,out,AT3G57930,(1 of 1) PTHR34055:SF15 - RHO GTPASE-ACTIVATING GACO-LIKE PROTEIN
Migut.11G005200,MgIM767.11G004900,1:1,out,AT3G57920,(1 of 1) PTHR31251:SF211 - SQUAMOSA PROMOTER-BINDING-LIKE PROTEIN 15
Migut.11G005300,MgIM767.11G005000,1:1,out,AT3G57890,(1 of 1) K16810 - TBCC domain-containing protein 1 (TBCCD1)
Migut.11G005400,MgIM767.11G005200,1:1,out,AT3G57880,(1 of 2) PTHR31425:SF50 - FT-INTERACTING PROTEIN 3-RELATED
Migut.11G005500,MgIM767.11G005100,1:1,out,AT5G06850,(1 of 1) PTHR31425:SF37 - FT-INTERACTING PROTEIN 1
Migut.11G005600,MgIM767.11G005300,1:1,out,AT5G06839,(1 of 1) PTHR45693:SF13 - TRANSCRIPTION FACTOR TGA10
Migut.11G005700,MgIM767.11G005400,1:1,out,AT5G06860,(1 of 1) PTHR48059:SF37 - POLYGALACTURONASE INHIBITOR 1
Migut.11G005800,MgIM767.11G005500,1:1,out,AT3G12150,(1 of 1) PTHR13617:SF14 - PROTEIN C54G4.7
Migut.11G005900,MgIM767.11G005600,1:1,out,AT2G42260,(1 of 1) PTHR35119:SF1 - PROTEIN GIGAS CELL1-RELATED
Migut.11G006000,MgIM767.11G005700,1:1,out,AT3G12160,(1 of 6) PTHR47979:SF33 - DRAB11
Migut.11G006100,MgIM767.11G005800,1:1,out,AT3G57830,(1 of 2) PTHR48007:SF8 - PROTEIN KINASE DOMAIN-CONTAINING PROTEIN
Migut.11G006200,MgIM767.11G005900,1:1,out,AT3G57810,(1 of 1) PTHR13312:SF5 - UBIQUITIN THIOESTERASE OTU
Migut.11G006300,MgIM767.11G006000,1:1,out,AT3G12180,(1 of 1) PTHR12290:SF11 - PROTEIN CORNICHON
Migut.11G006400,MgIM767.11G006100,1:1,out,AT2G42300,(1 of 1) PTHR12565:SF112 - TRANSCRIPTION FACTOR BHLH48-RELATED
Migut.11G006500,MgIM767.11G006200,1:1,out,AT3G13770,(1 of 1) PTHR24015:SF1693 - DYW DOMAIN-CONTAINING PROTEIN
Migut.11G006600,MgIM767.11G006300,1:1,out,AT3G57785,(1 of 61) 1.6.5.3 - NADH:ubiquinone reductase (H(+)-translocating). / ubiquinone reductase.
Migut.11G006700,MgIM767.11G006400,1:1,out,AT1G51200,(1 of 1) PTHR10634:SF163 - ZINC FINGER A20 AND AN1 DOMAIN-CONTAINING STRESS-ASSOCIATED PROTEIN 2
Migut.11G006800,MgIM767.11G006500,1:1,out,AT3G20860,(1 of 1) PTHR43671:SF121 - SERINE_THREONINE-PROTEIN KINASE NEK6
Migut.11G006900,MgIM767.11G006600,1:1,out,AT3G13520,(1 of 1) PTHR34114:SF10 - ARABINOGALACTAN PROTEIN 12
Migut.11G007000,MgIM767.11G006700,1:1,out,AT3G18140,(1 of 1) K08266 - G protein beta subunit-like (GBL)
Migut.11G007100,MgIM767.11G006800,1:1,out,AT1G20580,"(1 of 2) K11088 - small nuclear ribonucleoprotein D3 (SNRPD3, SMD3)"
Migut.11G007200,MgIM767.11G006900,1:1,out,AT3G57650,(1 of 2) K13523 - lysophosphatidic acid acyltransferase / lysophosphatidylinositol acyltransferase (AGPAT3_4)
Migut.11G007300,MgIM767.11G007000,1:1,out,AT3G57610,(1 of 1) 6.3.4.4 - adenylosuccinate synthase. / succinoadenylic kinosynthetase.
Migut.11G007400,MgIM767.11G007100,1:1,out,AT2G05320,"(1 of 1) 2.4.1.143 - alpha-1,6-mannosyl-glycoprotein 2-beta-N-acetylglucosaminyltransferase. / alpha1->6-acetylglucosaminyltransferase."
Migut.11G007500,MgIM767.11G007200,1:1,out,AT3G18830,(1 of 1) PTHR23500:SF424 - POLYOL TRANSPORTER 5
Migut.11G007600,MgIM767.11G007300,1:1,out,AT1G78995,
Migut.11G007700,MgIM767.11G007400,1:1,out,AT5G13960,"(1 of 1) PTHR45660:SF95 - HISTONE-LYSINE N-METHYLTRANSFERASE, H3 LYSINE-9 SPECIFIC SUVH4"
Migut.11G007800,MgIM767.11G007500,1:1,out,AT3G57550,(1 of 3) 2.7.4.8 - guanylate kinase. / guanosine monophosphate kinase.
Migut.11G007900,MgIM767.11G007600,1:1,out,AT3G57530,(1 of 1) PTHR24349:SF456 - CALCIUM-DEPENDENT PROTEIN KINASE 32
Migut.11G008000,MgIM767.11G007700,1:1,out,AT3G57520,(1 of 1) PTHR31268:SF32 - GALACTINOL--SUCROSE GALACTOSYLTRANSFERASE 2-RELATED
Migut.11G008100,MgIM767.11G007800,1:1,out,AT1G59720,(1 of 1) PTHR47928:SF57 - OS07G0191500 PROTEIN
Migut.11G008200,MgIM767.11G007900,1:1,out,AT2G41850,(1 of 1) PTHR31375:SF175 - POLYGALACTURONASE ADPG2
Migut.11G008300,MgIM767.11G008000,1:1,out,AT1G48320,"(1 of 1) PTHR43240:SF5 - 1,4-DIHYDROXY-2-NAPHTHOYL-COA THIOESTERASE 1"
Migut.11G008400,MgIM767.11G008100,1:1,out,AT3G57500,(1 of 1) PTHR33429:SF19 - FISSION REGULATOR-LIKE PROTEIN
Migut.11G008500,MgIM767.11G008200,1:1,out,AT2G41830,(1 of 1) PTHR46087:SF9 - OS02G0780500 PROTEIN
Migut.11G008600,MgIM767.11G008300,1:1,out,AT1G01170,(1 of 1) PTHR34267:SF1 - AT0ZI1 PROTEIN
Migut.11G008700,MgIM767.11G008400,1:1,out,AT2G41820,(1 of 1) PTHR48054:SF83 - PROTEIN KINASE DOMAIN-CONTAINING PROTEIN
Migut.11G008800,MgIM767.11G008500,1:1,out,AT2G41810,(1 of 1) PTHR31265:SF22 - DUF642 DOMAIN-CONTAINING PROTEIN
Migut.11G008900,MgIM767.11G008600,1:1,out,AT5G47610,(1 of 2) PTHR46905:SF1 - RING-TYPE E3 UBIQUITIN TRANSFERASE
Migut.11G009000,MgIM767.11G008700,1:1,out,AT1G48020,(1 of 1) PTHR36710:SF26 - PECTINESTERASE INHIBITOR 1
Migut.11G009100,MgIM767.11G008800,1:1,out,AT3G17220,(1 of 1) PTHR36710:SF14 - PECTINESTERASE INHIBITOR 2
Migut.11G009200,MgIM767.11G008900,1:1,out,AT3G57440,
Migut.11G009300,MgIM767.11G009000,1:1,out,AT1G60080,"(1 of 1) K12586 - exosome complex component RRP43 (RRP43, EXOSC8, OIP2)"
Migut.11G009400,MgIM767.11G009100,1:1,out,,
Migut.11G009500,MgIM767.11G009200,1:1,out,AT3G57410,(1 of 1) PTHR11977:SF101 - VILLIN-3
Migut.11G009600,MgIM767.11G009300,1:1,out,AT2G41680,(1 of 1) PTHR48105:SF26 - NADPH-DEPENDENT THIOREDOXIN REDUCTASE 3
Migut.11G009700,MgIM767.11G009400,1:1,out,AT2G41670,(1 of 1) PTHR45782:SF4 - MITOCHONDRIAL RIBOSOME-ASSOCIATED GTPASE 1
Migut.11G009800,MgIM767.11G009500,1:1,out,AT2G41660,(1 of 1) PTHR31696:SF71 - PROTEIN MIZU-KUSSEI 1
Migut.11G009900,MgIM767.11G009600,1:1,out,AT3G10330,(1 of 2) PTHR11618:SF78 - CYCLIN FAMILY PROTEIN-RELATED
Migut.11G010000,MgIM767.11G009700,1:1,out,AT2G15490,(1 of 5) PTHR48047:SF45 - GLYCOSYLTRANSFERASE
Migut.11G010100,MgIM767.11G009800,1:1,out,AT2G31750,(1 of 1) PTHR11926:SF1270 - UDP-GLYCOSYLTRANSFERASE 74D1
Migut.11G010200,MgIM767.11G009900,1:1,out,AT3G11340,(1 of 23) 2.4.1.203//2.4.1.215 - trans-zeatin O-beta-D-glucosyltransferase. / zeatin O-glucosyltransferase. // cis-zeatin O-beta-D-glucosyltransferase. / cis-zeatin O-beta-D-glucosyltransferase.
Migut.11G010300,MgIM767.11G010100,1:1,out,AT3G57360,(1 of 1) K15326 - tRNA-splicing endonuclease subunit Sen54 (TSEN54)
Migut.11G010400,MgIM767.11G010000,1:1,out,AT3G11340,(1 of 23) 2.4.1.203//2.4.1.215 - trans-zeatin O-beta-D-glucosyltransferase. / zeatin O-glucosyltransferase. // cis-zeatin O-beta-D-glucosyltransferase. / cis-zeatin O-beta-D-glucosyltransferase.
Migut.11G010500,MgIM767.11G010200,1:1,out,AT2G41620,(1 of 1) PTHR11225:SF5 - NUCLEAR PORE COMPLEX PROTEIN NUP93A
Migut.11G010600,MgIM767.11G010300,1:1,out,AT3G57300,"(1 of 1) K11665 - DNA helicase INO80 [EC:3.6.4.12] (INO80, INOC1)"
Migut.11G010700,MgIM767.11G010400,1:1,out,AT4G20990,(1 of 2) PTHR18952:SF285 - ALPHA CARBONIC ANHYDRASE 4-RELATED
Migut.11G010800,MgIM767.11G010500,1:1,out,AT3G57290,"(1 of 1) K03250 - translation initiation factor 3 subunit E (EIF3E, INT6)"
Migut.11G010900,MgIM767.11G010600,1:1,out,AT2G41510,(1 of 1) PTHR13878:SF114 - CYTOKININ DEHYDROGENASE 1
Migut.11G011000,MgIM767.11G010700,1:1,out,AT3G57280,"(1 of 1) PTHR12668:SF48 - PROTEIN FATTY ACID EXPORT 1, CHLOROPLASTIC"
Migut.11G011100,MgIM767.11G010800,1:1,out,AT3G57270,"(1 of 1) PTHR32227:SF464 - GLUCAN ENDO-1,3-BETA-GLUCOSIDASE BG1-RELATED"
Migut.11G011200,MgIM767.11G010900,1:1,out,AT3G10210,(1 of 2) PTHR48323:SF1 - OS01G0948300 PROTEIN
Migut.11G011300,MgIM767.11G011000,1:1,out,AT5G04080,(1 of 1) PTHR31568:SF66 - PROTEIN CYSTEINE-RICH TRANSMEMBRANE MODULE 12
Migut.11G011400,MgIM767.11G011100,1:1,out,AT5G04060,(1 of 1) PTHR10108:SF1168 - METHYLTRANSFERASE PMT7-RELATED
Migut.11G011500,MgIM767.11G011150,1:1,out,AT5G04050,(1 of 1) PTHR33642:SF4 - COX1_OXI3 INTRON 1 PROTEIN-RELATED
Migut.11G011600,MgIM767.11G011200,1:1,out,AT3G10190,(1 of 1) PTHR10891:SF1004 - CALCIUM-BINDING PROTEIN CML36-RELATED
Migut.11G011700,MgIM767.11G011300,1:1,out,AT5G04040,(1 of 1) PTHR14226:SF10 - LIPASE 4-RELATED
Migut.11G011800,MgIM767.11G011400,1:1,out,AT3G57170,"(1 of 1) K03860 - phosphatidylinositol glycan, class Q (PIGQ, GPI1)"
Migut.11G011900,MgIM767.11G011500,1:1,out,AT2G41430,(1 of 1) PTHR33790:SF10 - PROTEIN EARLY RESPONSIVE TO DEHYDRATION 15
Migut.11G012000,MgIM767.11G011600,1:1,out,AT5G04010,(1 of 1) PTHR12874:SF16 - F-BOX PROTEIN
Migut.11G012100,MgIM767.11G011700,1:1,out,AT3G19360,(1 of 1) PTHR12547:SF121 - ZINC FINGER CCCH DOMAIN-CONTAINING PROTEIN 39
Migut.11G012200,MgIM767.11G011800,1:1,out,AT2G41460,"(1 of 1) K01142 - exodeoxyribonuclease III (E3.1.11.2, xthA)"
Migut.11G012300,MgIM767.11G011900,1:1,out,AT5G40010,"(1 of 1) PTHR23070:SF128 - AAA-ATPASE ASD, MITOCHONDRIAL"
Migut.11G012400,MgIM767.11G012000,1:1,out,AT2G41490,(1 of 2) 2.7.8.15 - UDP-N-acetylglucosamine--dolichyl-phosphate / N-acetylglucosamine-1-phosphate transferase.
Migut.11G012500a,MgIM767.11G012100MgIM767.11G012200,1:1,out,AT5G03960,(1 of 1) PTHR32295:SF212 - PROTEIN IQ-DOMAIN 12
x,MgIM767.11G012300,IM767+,out,,
Migut.11G012600,MgIM767.11G012400,1:1,out,AT5G66520,(1 of 16) PF01535//PF13041//PF14432//PF20430//PF20431 - PPR repeat (PPR) // PPR repeat family (PPR_2) // DYW family of nucleic acid deaminases (DYW_deaminase) // E+ motif (Eplus_motif) // E motif (E_motif)
Migut.11G012700,MgIM767.11G012500,1:1,out,AT5G14800,(1 of 1) 1.5.1.2 - pyrroline-5-carboxylate reductase. / P5CR.
Migut.11G012800,MgIM767.11G012600,1:1,out,AT2G41380,(1 of 1) PTHR45180:SF1 - OS01G0307686 PROTEIN
Migut.11G012900,MgIM767.11G012700,1:1,out,AT2G41350,(1 of 1) K16584 - HAUS augmin-like complex subunit 1 (HAUS1)
Migut.11G013000,MgIM767.11G012800,1:1,out,AT3G14470,(1 of 1) PTHR23155:SF1237 - DISEASE RESISTANCE RPP13-LIKE PROTEIN 1-RELATED
Migut.11G013100,MgIM767.11G012900,1:1,out,AT3G57050,(1 of 1) K01760 - cystathionine beta-lyase (metC)
Migut.11G013200,MgIM767.11G013000,1:1,out,AT3G10250,(1 of 13) PF09713 - Plant protein 1589 of unknown function (A_thal_3526) (A_thal_3526)
Migut.11G013300,MgIM767.11G013100,1:1,out,AT3G57040,(1 of 1) PTHR43874:SF167 - TWO-COMPONENT RESPONSE REGULATOR ARR9
Migut.11G013400,MgIM767.11G013200,1:1,out,AT5G19400,"(1 of 1) K14409 - protein SMG7 (SMG7, EST1C)"
Migut.11G013500,MgIM767.11G013300,1:1,out,AT2G41200,(1 of 1) PTHR37216:SF1 - EXPRESSED PROTEIN
Migut.11G013600,MgIM767.11G013400,1:1,out,AT2G41190,(1 of 1) PTHR48017:SF111 - AMINO ACID TRANSPORTER AVT1A
Migut.11G013700,MgIM767.11G013500,1:1,out,AT3G12600,"(1 of 1) PTHR12629:SF0 - APS, ISOFORM A"
Migut.11G013800,MgIM767.11G013600,1:1,out,AT2G41180,"(1 of 1) PTHR33624:SF2 - SIGMA FACTOR BINDING PROTEIN 1, CHLOROPLASTIC-RELATED"
Migut.11G013900,MgIM767.11G013700,1:1,out,AT5G03415,(1 of 1) PTHR12548:SF9 - TRANSCRIPTION FACTOR DP
Migut.11G014000,MgIM767.11G013800,1:1,out,AT5G06950,(1 of 2) PTHR45693:SF46 - TRANSCRIPTION FACTOR TGA2-RELATED
Migut.11G014100,MgIM767.11G013900,1:1,out,AT1G80270,(1 of 1) PTHR45717:SF15 - OS01G0280400 PROTEIN
Migut.11G014200,MgIM767.11G014000,1:1,out,AT1G15480,(1 of 1) PTHR45717:SF41 - WD_REPEATS_REGION DOMAIN-CONTAINING PROTEIN
Migut.11G014300,MgIM767.11G014100,1:1,out,AT2G41140,(1 of 1) PTHR24349:SF543 - CDPK-RELATED KINASE 1
Migut.11G014400,MgIM767.11G014200,1:1,out,AT1G63380,(1 of 8) 1.1.1.100 - 3-oxoacyl-[acyl-carrier-protein] reductase. / 3-oxoacyl-[acyl-carrier-protein] reductase.
Migut.11G014500,MgIM767.11G014300,1:1,out,AT3G55290,(1 of 8) 1.1.1.100 - 3-oxoacyl-[acyl-carrier-protein] reductase. / 3-oxoacyl-[acyl-carrier-protein] reductase.
Migut.11G014600,MgIM767.11G014400,1:1,out,AT3G55290,(1 of 8) 1.1.1.100 - 3-oxoacyl-[acyl-carrier-protein] reductase. / 3-oxoacyl-[acyl-carrier-protein] reductase.
Migut.11G014700,MgIM767.11G014500,1:1,out,AT3G55290,(1 of 8) 1.1.1.100 - 3-oxoacyl-[acyl-carrier-protein] reductase. / 3-oxoacyl-[acyl-carrier-protein] reductase.
Migut.11G014800,MgIM767.11G014600,1:1,out,AT5G05130,"(1 of 1) K15711 - SWI/SNF-related matrix-associated actin-dependent regulator of chromatin subfamily A3 [EC:3.6.4.- 6.3.2.19] (SMARCA3, HLTF)"
Migut.11G014900,MgIM767.11G014700,1:1,out,AT5G05140,(1 of 1) PTHR46554:SF7 - MEDIATOR OF RNA POLYMERASE II TRANSCRIPTION SUBUNIT 26B-RELATED
Migut.11G015000,MgIM767.11G014800,1:1,out,AT5G12250,(1 of 1) PTHR11588:SF106 - TUBULIN BETA-6 CHAIN
Migut.11G015100,MgIM767.11G014900,1:1,out,AT5G06150,(1 of 2) PTHR10177:SF532 - CYCLIN-B1-2-RELATED
Migut.11G015200,MgIM767.11G015000,1:1,out,AT3G10760,(1 of 1) PTHR31442:SF29 - HOMEODOMAIN-LIKE SUPERFAMILY PROTEIN
Migut.11G015300,MgIM767.11G015100,1:1,out,AT3G56680,(1 of 2) PTHR15672:SF29 - EXPRESSED PROTEIN
Migut.11G015400,MgIM767.11G015200,1:1,out,AT2G40950,(1 of 61) PF00170 - bZIP transcription factor (bZIP_1)
Migut.11G015500,MgIM767.11G015300,1:1,out,AT3G56650,"(1 of 1) PTHR31407:SF18 - PSBP DOMAIN-CONTAINING PROTEIN 4, CHLOROPLASTIC"
Migut.11G015600,MgIM767.11G015400,1:1,out,AT3G56640,(1 of 1) PTHR12702:SF0 - EXOCYST COMPLEX COMPONENT 6
Migut.11G015700,MgIM767.11G015500,1:1,out,AT1G68570,(1 of 1) PTHR11654:SF188 - PROTEIN NRT1_ PTR FAMILY 3.1
Migut.11G015800,MgIM767.11G015600,1:1,out,AT5G07050,(1 of 1) PTHR31218:SF257 - WAT1-RELATED PROTEIN
Migut.11G015900,MgIM767.11G015700,1:1,out,AT3G12470,"(1 of 7) PTHR13620:SF59 - POLYNUCLEOTIDYL TRANSFERASE, RIBONUCLEASE H-LIKE SUPERFAMILY PROTEIN"
Migut.11G016000,MgIM767.11G015800,1:1,out,AT5G48570,(1 of 1) PF00254//PF14559 - FKBP-type peptidyl-prolyl cis-trans isomerase (FKBP_C) // Tetratricopeptide repeat (TPR_19)
Migut.11G016100,MgIM767.11G015900,1:1,out,AT3G12460,(1 of 11) 3.1.11.1 - exodeoxyribonuclease I. / exonuclease I.
Migut.11G016200,MgIM767.11G016000,1:1,out,AT2G40850,(1 of 1) PTHR45800:SF21 - PHOSPHATIDYLINOSITOL 4-KINASE GAMMA 1
Migut.11G016300,MgIM767.11G016100,1:1,out,AT2G40840,(1 of 1) PTHR32518:SF3 - 4-ALPHA-GLUCANOTRANSFERASE DPE2
Migut.11G016400,MgIM767.11G016200,1:1,out,AT3G10810,(1 of 1) PTHR33826:SF8 - BNAA01G31410D PROTEIN
Migut.11G016500,MgIM767.11G016300,1:1,out,AT3G12390,(1 of 1) PTHR21713:SF40 - NASCENT POLYPEPTIDE-ASSOCIATED COMPLEX SUBUNIT ALPHA-LIKE PROTEIN 1
Migut.11G016600,MgIM767.11G016400,1:1,out,AT5G39000,(1 of 4) PTHR34590:SF5 - OS04G0586500 PROTEIN
Migut.11G016700,MgIM767.11G016500,1:1,out,AT3G14460,(1 of 1) PTHR23155:SF1235 - DISEASE RESISTANCE RPP13-LIKE PROTEIN 1
Migut.11G016800,MgIM767.11G016600,1:1,out,AT3G56580,(1 of 1) PTHR15710:SF47 - E3 UBIQUITIN-PROTEIN LIGASE RZF1
Migut.11G016900,MgIM767.11G016700,1:1,out,AT3G56880,(1 of 1) PTHR33179:SF52 - VQ DOMAIN-CONTAINING PROTEIN
Migut.11G017000,MgIM767.11G016800,1:1,out,AT1G72050,(1 of 1) K09191 - general transcription factor IIIA (GTF3A)
Migut.11G017100,MgIM767.11G016900,1:1,out,AT3G56900,(1 of 1) K14320 - aladin (AAAS)
Migut.11G017200,MgIM767.11G017000,1:1,out,AT3G10740,(1 of 1) PTHR31776:SF0 - ALPHA-L-ARABINOFURANOSIDASE 1-RELATED
Migut.11G017300,MgIM767.11G017100,1:1,out,AT5G04940,"(1 of 1) PTHR45660:SF73 - HISTONE-LYSINE N-METHYLTRANSFERASE, H3 LYSINE-9 SPECIFIC SUVH1"
Migut.11G017400,MgIM767.11G017200,1:1,out,AT3G56930,(1 of 1) PTHR22883:SF391 - PROTEIN S-ACYLTRANSFERASE 4-RELATED
Migut.11G017500,MgIM767.11G017300,1:1,out,AT3G56930,(1 of 1) PTHR22883:SF391 - PROTEIN S-ACYLTRANSFERASE 4-RELATED
Migut.11G017600,MgIM767.11G017400,1:1,out,AT3G56940,"(1 of 1) K04035 - magnesium-protoporphyrin IX monomethyl ester (oxidative) cyclase (E1.14.13.81, acsF, chlE)"
Migut.11G017700,MgIM767.11G017500,1:1,out,AT3G56950,(1 of 1) PTHR47720:SF1 - AQUAPORIN SIP2-1-RELATED
Migut.11G017800,MgIM767.11G017600,1:1,out,AT2G47380,(1 of 2) PTHR34372:SF2 - CYTOCHROME C OXIDASE SUBUNIT 5C-2-RELATED
Migut.11G017900,MgIM767.11G017700,1:1,out,AT1G69840,(1 of 1) PTHR43327:SF59 - HYPERSENSITIVE-INDUCED RESPONSE PROTEIN 2
Migut.11G018000,MgIM767.11G017800,1:1,out,AT2G27020,(1 of 1) K02727 - 20S proteasome subunit alpha 7 (PSMA3)
Migut.11G018100,MgIM767.11G017900,1:1,out,AT2G40980,(1 of 1) PTHR35118:SF3 - PROTEIN KINASE SUPERFAMILY PROTEIN
Migut.11G018200,MgIM767.11G018000,1:1,out,AT3G43810,(1 of 1) PTHR23050:SF544 - CALMODULIN
Migut.11G018300,MgIM767.11G018100,1:1,out,AT5G05080,"(1 of 1) K10583 - ubiquitin-conjugating enzyme E2 S (UBE2S, E2EPF)"
Migut.11G018400,MgIM767.11G018200,1:1,out,AT2G41000,(1 of 1) PTHR24074:SF58 - LD30543P
Migut.11G018500,MgIM767.11G018300,1:1,out,AT1G08680,(1 of 1) PTHR46085:SF4 - ADP-RIBOSYLATION FACTOR GTPASE-ACTIVATING PROTEIN AGD14-RELATED
Migut.11G018600,MgIM767.11G018400,1:1,out,AT1G33110,(1 of 3) PTHR11206:SF102 - MATE EFFLUX FAMILY PROTEIN
Migut.11G018700,MgIM767.11G018500,1:1,out,AT3G03620,(1 of 1) PTHR11206:SF488 - PROTEIN DETOXIFICATION 24
Migut.11G018800,MgIM767.11G018600,1:1,out,AT3G03610,(1 of 1) PTHR12771:SF56 - CED-12
Migut.11G018900,MgIM767.11G018700,1:1,out,,
Migut.11G019000,MgIM767.11G018800,1:1,out,AT3G16670,(1 of 2) PTHR34458:SF5 - POLLEN OLE E 1 ALLERGEN AND EXTENSIN FAMILY PROTEIN
x,MgIM767.11G018900,IM767+,out,AT1G13750,(1 of 1) PTHR45778:SF16 - INACTIVE PURPLE ACID PHOSPHATASE 1-RELATED
Migut.11G019100,MgIM767.11G019000,1:1,out,AT5G10060,(1 of 3) K15559 - regulator of Ty1 transposition protein 103 (RTT103)
Migut.11G019200,MgIM767.11G019100,1:1,out,AT5G13740,(1 of 1) PTHR23504:SF102 - PROTEIN ZINC INDUCED FACILITATOR 1
Migut.11G019300,MgIM767.11G019200,1:1,out,AT3G56820,(1 of 1) IPR011051//IPR014710 - RmlC-like cupin domain // RmlC-like jelly roll fold
Migut.11G019400,MgIM767.11G019300,1:1,out,AT5G04200,(1 of 1) PTHR48104:SF7 - METACASPASE-9
Migut.11G019500,MgIM767.11G019400,1:1,out,AT3G56820,(1 of 1) IPR011051//IPR014710 - RmlC-like cupin domain // RmlC-like jelly roll fold
Migut.11G019600,MgIM767.11G019500,1:1,out,AT5G04200,(1 of 1) PTHR48104:SF7 - METACASPASE-9
Migut.11G019700,MgIM767.11G020000,1:1,out,,
Migut.11G019800,MgIM767.11G020100,1:1,out,AT5G04200,(1 of 1) PTHR48104:SF7 - METACASPASE-9
Migut.11G019900,MgIM767.11G020200,1:1,out,,
x,MgIM767.11G019600,IM767+,out,AT5G04200,(1 of 1) PTHR48104:SF7 - METACASPASE-9
Migut.11G020000,MgIM767.11G020300,1:1,out,,
Migut.11G020100,MgIM767.11G019900,1:1,out,,
Migut.11G020200,MgIM767.11G019700,1:1,out,AT5G04200,(1 of 1) PTHR48104:SF7 - METACASPASE-9
Migut.11G020300,MgIM767.11G019800,1:1,out,,
Migut.11G020400,x,IM62+,out,,
Migut.11G020500,MgIM767.11G020400,1:1,out,AT5G04200,(1 of 1) PTHR48104:SF7 - METACASPASE-9
Migut.11G020600,MgIM767.11G020500,1:1,out,,
Migut.11G020700,MgIM767.11G020600,1:1,out,AT3G56850,(1 of 1) PTHR22952:SF385 - ABSCISIC ACID-INSENSITIVE 5-LIKE PROTEIN 2
Migut.11G020800,MgIM767.11G020700,1:1,out,AT2G41840,"(1 of 6) K02981 - small subunit ribosomal protein S2e (RP-S2e, RPS2)"
Migut.11G020900,x,IM62+,out,AT3G12390,(1 of 1) PTHR21713:SF40 - NASCENT POLYPEPTIDE-ASSOCIATED COMPLEX SUBUNIT ALPHA-LIKE PROTEIN 1
Migut.11G021000,x,IM62+,out,,
Migut.11G021100,MgIM767.11G020800,1:1,out,AT1G05675,(1 of 2) PTHR11926:SF1539 - UDP-GLYCOSYLTRANSFERASE 74E1-RELATED
Migut.11G021200,MgIM767.11G020900,1:1,out,AT5G04190,(1 of 1) PTHR33781:SF1 - PROTEIN PHYTOCHROME KINASE SUBSTRATE 4
Migut.11G021300,MgIM767.11G021000,1:1,out,AT5G17810,(1 of 1) PTHR46998:SF5 - WUSCHEL-RELATED HOMEOBOX 12
Migut.11G021400,MgIM767.11G021100,1:1,out,,
Migut.11G021500,MgIM767.11G021200,1:1,out,AT5G04200,(1 of 1) PTHR48104:SF7 - METACASPASE-9
Migut.11G021600,MgIM767.11G021300,1:1,out,,
Migut.11G021700,MgIM767.11G021400,1:1,out,AT5G04200,(1 of 1) PTHR48104:SF7 - METACASPASE-9
Migut.11G021800,MgIM767.11G021500,1:1,out,,
Migut.11G021900,MgIM767.11G021600,1:1,out,AT5G04200,(1 of 1) PTHR48104:SF7 - METACASPASE-9
x,MgIM767.11G021700,IM767+,out,,
Migut.11G022000,MgIM767.11G021900,1:1,out,AT5G04200,(1 of 1) PTHR48104:SF7 - METACASPASE-9
Migut.11G022100,MgIM767.11G021800,1:1,out,AT5G04200,(1 of 1) PTHR48104:SF7 - METACASPASE-9
x,MgIM767.11G022000,IM767+,out,,
Migut.11G022200,MgIM767.11G022100,1:1,out,AT3G47510,
Migut.11G022300,MgIM767.11G022200,1:1,out,AT1G50720,(1 of 1) PTHR33227:SF66 - STIGMA-SPECIFIC STIG1-LIKE PROTEIN 3
Migut.11G022400,MgIM767.11G022300,1:1,out,AT3G03680,(1 of 1) PTHR31425:SF43 - C2 CALCIUM_LIPID-BINDING PLANT PHOSPHORIBOSYLTRANSFERASE FAMILY PROTEIN
Migut.11G022500,MgIM767.11G022400,1:1,out,AT3G09360,"(1 of 3) K15196 - transcription factor IIIB 90 kDa subunit (BRF1, GTF3B)"
Migut.11G022600,MgIM767.11G022500,1:1,out,AT3G45400,"(1 of 27) 2.4.2.41 - xylogalacturonan beta-1,3-xylosyltransferase. / xylogalacturonan xylosyltransferase."
Migut.11G022700,MgIM767.11G022600,1:1,out,AT5G17770,(1 of 2) 1.6.2.2 - cytochrome-b5 reductase. / cytochrome-b5 reductase.
Migut.11G022800,MgIM767.11G022700,1:1,out,AT2G31270,(1 of 1) PTHR28637:SF1 - DNA REPLICATION FACTOR CDT1
Migut.11G022900,MgIM767.11G022800,1:1,out,AT5G17780,(1 of 1) PTHR43689:SF14 - LYSOPHOSPHOLIPASE BODYGUARD 4-RELATED
Migut.11G023000,MgIM767.11G022900,1:1,out,AT5G17790,(1 of 5) KOG4198 - RNA-binding Ran Zn-finger protein and related proteins
Migut.11G023100,MgIM767.11G023000,1:1,out,AT1G58030,(1 of 1) PTHR43243:SF4 - LD37241P
Migut.11G023200,MgIM767.11G023100,1:1,out,AT4G01650,(1 of 1) PTHR34060:SF1 - POLYKETIDE CYCLASE / DEHYDRASE AND LIPID TRANSPORT PROTEIN
Migut.11G023300,MgIM767.11G023200,1:1,out,AT1G08810,(1 of 1) PTHR10641:SF1152 - TRANSCRIPTION FACTOR MYB60
Migut.11G023400,MgIM767.11G023300,1:1,out,AT1G28760,(1 of 1) PTHR31587:SF3 - F1K23.6
Migut.11G023500,MgIM767.11G023400,1:1,out,AT5G44800,(1 of 1) PTHR45623:SF28 - PROTEIN CHROMATIN REMODELING 4
Migut.11G023600,MgIM767.11G023500,1:1,out,AT4G30160,(1 of 1) PTHR11977:SF133 - VILLIN-4
Migut.11G023700,MgIM767.11G023600,1:1,out,AT5G20500,(1 of 1) PTHR45694:SF5 - GLUTAREDOXIN-C4
Migut.11G023800,MgIM767.11G023700,1:1,out,,Bifunctional lysine-specific demethylase and histidyl-hydroxylase NO66
Migut.11G023900,MgIM767.11G023800,1:1,out,AT5G06710,(1 of 1) PTHR45714:SF39 - HOMEOBOX-LEUCINE ZIPPER PROTEIN HAT14
Migut.11G024000,MgIM767.11G023900,1:1,out,AT2G18910,FAM177 family
Migut.11G024100,MgIM767.11G024000,1:1,out,AT5G57360,(1 of 1) PTHR46175:SF5 - ADAGIO PROTEIN 1
Migut.11G024200,MgIM767.11G024100,1:1,out,AT2G18950,"(1 of 1) K09833 - homogentisate phytyltransferase / homogentisate geranylgeranyltransferase (HPT, HGGT, ubiA)"
Migut.11G024300,MgIM767.11G024200,1:1,out,AT4G30190,"(1 of 1) PTHR42861:SF154 - ATPASE 2, PLASMA MEMBRANE-TYPE"
Migut.11G024400,MgIM767.11G024300,1:1,out,AT5G57330,(1 of 1) PTHR11122:SF13 - GLUCOSE-6-PHOSPHATE 1-EPIMERASE
Migut.11G024500,MgIM767.11G024400,1:1,out,AT5G57330,(1 of 1) PTHR11122:SF13 - GLUCOSE-6-PHOSPHATE 1-EPIMERASE
x,MgIM767.11G024500,IM767+,out,AT5G57330,(1 of 1) PTHR11122:SF13 - GLUCOSE-6-PHOSPHATE 1-EPIMERASE
Migut.11G024600,MgIM767.11G024600,1:1,out,AT5G57330,(1 of 1) PTHR11122:SF13 - GLUCOSE-6-PHOSPHATE 1-EPIMERASE
Migut.11G024700,MgIM767.11G024700,1:1,out,AT5G20600,(1 of 1) K14849 - ribosomal RNA-processing protein 1 (RRP1)
Migut.11G024800,MgIM767.11G024800,1:1,out,AT4G30200,(1 of 2) PTHR46286:SF2 - VIN3-LIKE PROTEIN 2
Migut.11G024900,MgIM767.11G024900,1:1,out,AT5G57410,"(1 of 1) K06085 - synovial sarcoma, X breakpoint 2 interacting protein (SSX2IP, ADIP)"
Migut.11G025000,MgIM767.11G025000,1:1,out,AT4G30210,(1 of 2) 1.6.2.4 - NADPH--hemoprotein reductase. / TPNH-cytochrome c reductase.
Migut.11G025100,MgIM767.11G025100,1:1,out,AT4G30230,hypothetical protein
Migut.11G025200,MgIM767.11G025200,1:1,out,AT2G18860,(1 of 1) PTHR34949:SF7 - SYNTAXIN 6 N-TERMINAL DOMAIN-CONTAINING PROTEIN
Migut.11G025300,MgIM767.11G025300,1:1,out,AT2G18850,(1 of 2) 2.1.1.259 - [fructose-bisphosphate aldolase]-lysine N-methyltransferase. / (dimerizing)]-lysine 6-N-methyltransferase.
Migut.11G025400,MgIM767.11G025400,1:1,out,AT2G18840,(1 of 2) PTHR21236:SF1 - PROTEIN YIPF6
x,MgIM767.11G025500,IM767+,out,AT1G68960,(1 of 1) PTHR44259:SF90 - DUF295 DOMAIN-CONTAINING PROTEIN
x,MgIM767.11G025600,IM767+,out,AT1G68960,(1 of 1) PTHR44259:SF90 - DUF295 DOMAIN-CONTAINING PROTEIN
Migut.11G025500,MgIM767.11G025700,1:1,out,AT5G57490,(1 of 1) PTHR11743:SF27 - MITOCHONDRIAL OUTER MEMBRANE PROTEIN PORIN 4
Migut.11G025600,MgIM767.11G025800,1:1,out,AT5G57510,(1 of 27) PF05553 - Cotton fibre expressed protein (DUF761)
Migut.11G025700,MgIM767.11G025900,1:1,out,AT5G57520,(1 of 5) PTHR47287:SF1 - C2H2-TYPE DOMAIN-CONTAINING PROTEIN
Migut.11G025800,MgIM767.11G026000,1:1,out,AT4G25810,(1 of 1) PTHR31062:SF284 - XYLOGLUCAN ENDOTRANSGLUCOSYLASE_HYDROLASE PROTEIN 23-RELATED
Migut.11G025900,MgIM767.11G026100,1:1,out,AT5G57550,(1 of 1) PTHR31062:SF303 - XYLOGLUCAN ENDOTRANSGLUCOSYLASE_HYDROLASE PROTEIN 25-RELATED
Migut.11G026000,MgIM767.11G026200,1:1,out,AT4G25810,(1 of 1) PTHR31062:SF284 - XYLOGLUCAN ENDOTRANSGLUCOSYLASE_HYDROLASE PROTEIN 23-RELATED
Migut.11G026100,MgIM767.11G026300,1:1,out,AT5G57580,(1 of 1) PTHR31713:SF18 - CALMODULIN-BINDING PROTEIN 60 B
x,MgIM767.11G026400,IM767+,out,AT1G14320,"(1 of 3) K02866 - large subunit ribosomal protein L10e (RP-L10e, RPL10)"
Migut.11G026200,MgIM767.11G026500,1:1,out,AT5G57610,(1 of 1) PTHR23257:SF980 - KINASE SUPERFAMILY WITH OCTICOSAPEPTIDE_PHOX_BEM1P DOMAIN-CONTAINING PROTEIN
Migut.11G026300,MgIM767.11G026600,1:1,out,AT5G57620,(1 of 1) PTHR48000:SF21 - TRANSCRIPTION FACTOR MYB36
Migut.11G026400,MgIM767.11G026700,1:1,out,AT5G17050,(1 of 1) 2.4.1.115//2.4.1.91 - anthocyanidin 3-O-glucosyltransferase. / uridine diphosphoglucose-anthocyanidin 3-O-glucosyltransferase. // flavonol 3-O-glucosyltransferase. / UDP-glucose flavonol 3-O-glucosyltransferase.
Migut.11G026500,MgIM767.11G026800,1:1,out,AT4G25780,"(1 of 1) PTHR10334:SF417 - CAP (CYSTEINE-RICH SECRETORY PROTEINS, ANTIGEN 5, AND PATHOGENESIS-RELATED 1 PROTEIN) SUPERFAMILY PROTEIN"
Migut.11G026600,MgIM767.11G026900,1:1,out,AT4G30320,"(1 of 1) PTHR10334:SF430 - CAP (CYSTEINE-RICH SECRETORY PROTEINS, ANTIGEN 5, AND PATHOGENESIS-RELATED 1 PROTEIN) SUPERFAMILY PROTEIN"
Migut.11G026700,MgIM767.11G027000,1:1,out,AT5G57655,(1 of 1) 5.3.1.5 - xylose isomerase. / D-xylose ketol-isomerase.
Migut.11G026800,MgIM767.11G027100,1:1,out,AT2G24765,(1 of 1) K07942 - ADP-ribosylation factor-like protein 1 (ARL1)
Migut.11G026900,MgIM767.11G027200,1:1,out,AT5G57660,(1 of 1) PTHR31319:SF113 - ZINC FINGER PROTEIN CONSTANS-LIKE 5
Migut.11G027000,MgIM767.11G027300,1:1,out,AT5G57670,(1 of 1) PTHR47987:SF3 - OS08G0249100 PROTEIN
Migut.11G027100,MgIM767.11G027400,1:1,out,AT5G57685,(1 of 1) PTHR33228:SF36 - PROTEIN GLUTAMINE DUMPER 3
Migut.11G027200,MgIM767.11G027500,1:1,out,AT5G57690,(1 of 1) PTHR11255:SF88 - DIACYLGLYCEROL KINASE 4
Migut.11G027300,MgIM767.11G027600,1:1,out,AT4G28020,(1 of 1) PTHR12818:SF0 - NEF-ASSOCIATED PROTEIN 1
Migut.11G027400,MgIM767.11G027700,1:1,out,AT5G57710,(1 of 1) PTHR43572:SF13 - PROTEIN SUPPRESSOR OF MAX2 1
Migut.11G027600,MgIM767.11G027800,1:1,out,AT4G28025,(1 of 5) 3.2.1.24 - alpha-mannosidase. / alpha-mannosidase.
Migut.11G027500,MgIM767.11G027900,1:1,out,AT2G18700,"(1 of 11) 2.4.1.15 - alpha,alpha-trehalose-phosphate synthase (UDP-forming). / UDP-glucose--glucose-phosphate glucosyltransferase."
Migut.11G027700,x,IM62+,out,AT2G18690,(1 of 2) PTHR33133:SF62 - EXPRESSED PROTEIN-RELATED
Migut.11G027800,MgIM767.11G028000,1:1,out,AT2G18690,(1 of 2) PTHR33133:SF62 - EXPRESSED PROTEIN-RELATED
Migut.11G027900,MgIM767.11G028100,1:1,out,AT2G18670,(1 of 3) PTHR46539:SF9 - RING-H2 FINGER PROTEIN ATL56
Migut.11G028000,MgIM767.11G028200,1:1,out,AT4G30400,(1 of 2) PTHR45768:SF10 - RING-H2 FINGER PROTEIN ATL13-RELATED
Migut.11G028100,MgIM767.11G028300,1:1,out,AT5G57740,(1 of 1) PTHR24128:SF12 - ANKYRIN REPEAT-CONTAINING PROTEIN
Migut.11G028200,MgIM767.11G028400,1:1,out,AT5G14850,"(1 of 1) K05286 - phosphatidylinositol glycan, class B (PIGB)"
Migut.11G028300,MgIM767.11G028500,1:1,out,AT4G30410,(1 of 1) PTHR33124:SF5 - BHLH TRANSCRIPTION FACTOR
Migut.11G028400,MgIM767.11G028600,1:1,out,AT5G57800,(1 of 1) PTHR11863:SF66 - VERY-LONG-CHAIN ALDEHYDE DECARBONYLASE CER3
Migut.11G028500,MgIM767.11G028700/MgIM767.11G028800,1:1,out,AT4G30420,(1 of 51) PF00892 - EamA-like transporter family (EamA)
Migut.11G028600,MgIM767.11G028900,1:1,out,AT4G24972,(1 of 1) PTHR33184:SF67 - PROTEIN TAPETUM DETERMINANT 1
Migut.11G028700,MgIM767.11G029000,1:1,out,AT4G24972,(1 of 1) PTHR33184:SF67 - PROTEIN TAPETUM DETERMINANT 1
Migut.11G028800,MgIM767.11G029100,1:1,out,AT4G24972,(1 of 1) PTHR33184:SF67 - PROTEIN TAPETUM DETERMINANT 1
Migut.11G028900,MgIM767.11G029200,1:1,out,AT5G57815,"(1 of 2) PTHR46281:SF8 - CYTOCHROME C OXIDASE SUBUNIT 12, MITOCHONDRIAL"
Migut.11G029000,MgIM767.11G029300,1:1,out,AT4G30450,
Migut.11G029100,MgIM767.11G029400,1:1,out,AT4G30440,(1 of 1) PTHR43574:SF3 - UDP-GLUCURONATE 4-EPIMERASE 1
Migut.11G029200,MgIM767.11G029500,1:1,out,AT2G23890,(1 of 1) PTHR12103:SF12 - 5'-NUCLEOTIDASE DOMAIN-CONTAINING PROTEIN DDB_G0275467
Migut.11G029300,MgIM767.11G029600,1:1,out,,
Migut.11G029400,MgIM767.11G029700,1:1,out,AT4G30480,(1 of 1) PTHR46014:SF1 - TETRATRICOPEPTIDE REPEAT PROTEIN 1
Migut.11G029500,MgIM767.11G029800,1:1,out,AT5G35200,(1 of 1) PTHR22951:SF32 - OS06G0175500 PROTEIN
Migut.11G029600,MgIM767.11G029900,1:1,out,AT4G30490,(1 of 1) PTHR12169:SF29 - AFG1-LIKE ATPASE FAMILY PROTEIN
Migut.11G029700,MgIM767.11G030000,1:1,out,AT2G23940,(1 of 2) KOG3269 - Predicted membrane protein
Migut.11G029800,MgIM767.11G030100,1:1,out,AT4G30510,"(1 of 1) K17908 - autophagy-related protein 18 (WIPI, ATG18)"
Migut.11G029900,MgIM767.11G030200,1:1,out,AT4G12650,(1 of 1) PTHR10766:SF163 - TRANSMEMBRANE 9 SUPERFAMILY MEMBER 12
Migut.11G030000,MgIM767.11G030300,1:1,out,AT4G11120,"(1 of 1) PTHR11741:SF0 - ELONGATION FACTOR TS, MITOCHONDRIAL"
Migut.11G030100,MgIM767.11G030400/MgIM767.11G030500,1:1,out,AT2G23950,(1 of 1) PTHR47988:SF84 - PROTEIN KINASE DOMAIN-CONTAINING PROTEIN
Migut.11G030200,MgIM767.11G030600,1:1,out,AT5G24450,"(1 of 2) K15202 - general transcription factor 3C polypeptide 5 (transcription factor C subunit 1) (GTF3C5, TFC1)"
Migut.11G030300,MgIM767.11G030700,1:1,out,,"Knottin, scorpion toxin-like"
Migut.11G030400,MgIM767.11G030800,1:1,out,AT1G16060,(1 of 1) PTHR32467:SF266 - AP2_ERF DOMAIN-CONTAINING PROTEIN
Migut.11G030500,MgIM767.11G030900,1:1,out,AT4G30850,(1 of 1) PTHR20855:SF100 - HEPTAHELICAL TRANSMEMBRANE PROTEIN 2
Migut.11G030600,MgIM767.11G031000,1:1,out,AT4G28080,(1 of 1) PTHR12601:SF39 - PROTEIN REDUCED CHLOROPLAST COVERAGE 2
Migut.11G030700,MgIM767.11G031100,1:1,out,AT2G24090,"(1 of 1) K02916 - large subunit ribosomal protein L35 (RP-L35, MRPL35, rpmI)"
Migut.11G030800,MgIM767.11G031200,1:1,out,AT4G30790,(1 of 1) PTHR13222:SF1 - RB1-INDUCIBLE COILED-COIL PROTEIN 1
Migut.11G030900,MgIM767.11G031300,1:1,out,AT4G30810,(1 of 1) PTHR11802:SF32 - SERINE CARBOXYPEPTIDASE-LIKE 29
Migut.11G031000,MgIM767.11G031400,1:1,out,AT5G63010,(1 of 1) 3.1.1.97 - methylated diphthine methylhydrolase. / diphthine methylesterase.
Migut.11G031100,MgIM767.11G031500,1:1,out,AT5G57860,"(1 of 1) K03873 - transcription elongation factor B, polypeptide 2 (TCEB2)"
Migut.11G031200,MgIM767.11G031600,1:1,out,AT4G30710,(1 of 2) PTHR31807:SF37 - AUGMIN SUBUNIT 8
Migut.11G031300,MgIM767.11G031700,1:1,out,AT4G30700,(1 of 16) PF01535//PF13041//PF14432//PF20430//PF20431 - PPR repeat (PPR) // PPR repeat family (PPR_2) // DYW family of nucleic acid deaminases (DYW_deaminase) // E+ motif (Eplus_motif) // E motif (E_motif)
Migut.11G031400,MgIM767.11G031800,1:1,out,AT2G24060,"(1 of 1) PTHR10938:SF3 - TRANSLATION INITIATION FACTOR IF3-2, CHLOROPLASTIC"
Migut.11G031500,MgIM767.11G031900,1:1,out,AT1G16030,(1 of 1) PTHR19375:SF550 - HEAT SHOCK 70 KDA PROTEIN 5
Migut.11G031600,MgIM767.11G032000,1:1,out,AT5G57870,(1 of 3) K03260 - translation initiation factor 4G (EIF4G)
Migut.11G031700,x,IM62+,out,,
Migut.11G031800,MgIM767.11G032100,1:1,out,,
Migut.11G031900,x,IM62+,out,,
Migut.11G032000,MgIM767.11G032200,1:1,out,AT4G28088,(1 of 1) PTHR21659:SF106 - LOW TEMPERATURE AND SALT RESPONSIVE PROTEIN FAMILY
Migut.11G032100,MgIM767.11G032300,1:1,out,,
Migut.11G032200,MgIM767.11G032400,1:1,out,AT5G57910,(1 of 1) IPR036002 - Stathmin superfamily
Migut.11G032300,MgIM767.11G032500,1:1,out,AT4G30620,(1 of 1) PTHR33449:SF5 - (RAPE) HYPOTHETICAL PROTEIN
Migut.11G032400,MgIM767.11G032600,1:1,out,AT4G30610,(1 of 1) PTHR11802:SF25 - SERINE CARBOXYPEPTIDASE-LIKE 33
Migut.11G032500,MgIM767.11G032700,1:1,out,AT1G30890,(1 of 1) PTHR14083:SF11 - INTEGRAL MEMBRANE HRF1 FAMILY PROTEIN
Migut.11G032600,MgIM767.11G032800,1:1,out,AT5G63660,(1 of 1) PTHR33147:SF133 - DEFENSIN-LIKE PROTEIN 6-RELATED
Migut.11G032700,x,IM62+,out,AT5G63660,(1 of 1) PTHR33147:SF133 - DEFENSIN-LIKE PROTEIN 6-RELATED
Migut.11G032800,x,IM62+,out,,(1 of 1) PTHR33147:SF133 - DEFENSIN-LIKE PROTEIN 6-RELATED
Migut.11G032900,MgIM767.11G032900,1:1,out,AT4G31830,
Migut.11G033000,MgIM767.11G033000,1:1,out,AT4G30580,(1 of 1) K00655 - 1-acyl-sn-glycerol-3-phosphate acyltransferase (plsC)
Migut.11G033100,MgIM767.11G033100,1:1,out,AT5G57940,(1 of 1) PTHR45651:SF52 - CYCLIC NUCLEOTIDE-GATED ION CHANNEL 5-RELATED
Migut.11G033200,MgIM767.11G033200,1:1,out,AT5G57330,(1 of 1) PTHR11122:SF13 - GLUCOSE-6-PHOSPHATE 1-EPIMERASE
Migut.11G033300,MgIM767.11G033300,1:1,out,AT5G10840,(1 of 2) PTHR10766:SF110 - TRANSMEMBRANE 9 SUPERFAMILY MEMBER 8-RELATED
Migut.11G033400,MgIM767.11G033400,1:1,out,AT5G35770,(1 of 1) PTHR19855:SF31 - TRANSCRIPTIONAL REGULATOR STERILE APETALA
Migut.11G033500,MgIM767.11G033500,1:1,out,AT4G30900,(1 of 1) PTHR12121:SF36 - ENDONUCLEASE/EXONUCLEASE/PHOSPHATASE DOMAIN-CONTAINING PROTEIN
Migut.11G033600,MgIM767.11G033600,1:1,out,AT4G30920,(1 of 3) 3.4.11.1//3.4.11.5 - leucyl aminopeptidase. / peptidase S. // prolyl aminopeptidase. / Pro-X aminopeptidase.
Migut.11G033700,x,IM62+,out,,(1 of 5) PTHR33248:SF3 - GRF ZINC FINGER PROTEIN
Migut.11G033800,MgIM767.11G033700,1:1,out,AT4G30935,(1 of 1) PTHR31221:SF150 - WRKY TRANSCRIPTION FACTOR 32-RELATED
Migut.11G033900,MgIM767.11G033800,1:1,out,AT2G24230,(1 of 1) PTHR48055:SF6 - LEUCINE-RICH REPEAT RECEPTOR PROTEIN KINASE EMS1
Migut.11G034000,MgIM767.11G033900,1:1,out,AT5G57990,(1 of 1) PTHR24006:SF758 - UBIQUITIN CARBOXYL-TERMINAL HYDROLASE 36
Migut.11G034100,MgIM767.11G034000,1:1,out,AT1G50670,"(1 of 1) K13719 - ubiquitin thioesterase OTU1 (OTU1, YOD1)"
Migut.11G034200,MgIM767.11G034100,1:1,out,AT2G24240,(1 of 2) PTHR14499:SF116 - OSJNBA0029H02.24 PROTEIN
Migut.11G034300,MgIM767.11G034200,1:1,out,AT4G30950,(1 of 1) 1.14.19.22//1.14.19.23 - acyl-lipid omega-6 desaturase (cytochrome b5). / phosphatidylcholine desaturase. // acyl-lipid (n+3)-(Z)-desaturase (ferredoxin). / phosphatidylcholine desaturase.
Migut.11G034400,MgIM767.11G034300,1:1,out,AT5G58000,(1 of 1) PTHR46626:SF1 - RETICULON-LIKE PROTEIN B21
Migut.11G034500,MgIM767.11G034400,1:1,out,AT4G30960,(1 of 1) PTHR43895:SF91 - CBL-INTERACTING SERINE_THREONINE-PROTEIN KINASE 6
Migut.11G034600,MgIM767.11G034500,1:1,out,AT2G24260,(1 of 1) PTHR16223:SF356 - TRANSCRIPTION FACTOR LRL1
Migut.11G034700,MgIM767.11G034600,1:1,out,AT5G58005,(1 of 1) K18179 - cytochrome c oxidase assembly factor 6 (COA6)
Migut.11G034800,x,IM62+,out,,
Migut.11G034900,MgIM767.11G034700,1:1,out,AT1G51120,(1 of 2) PTHR31140:SF80 - AP2_ERF DOMAIN-CONTAINING PROTEIN
Migut.11G035000,MgIM767.11G034800,1:1,out,AT2G24260,(1 of 1) PTHR16223:SF356 - TRANSCRIPTION FACTOR LRL1
Migut.11G035100,MgIM767.11G034900,1:1,out,AT5G58030,(1 of 1) PTHR20902:SF0 - TRAFFICKING PROTEIN PARTICLE COMPLEX SUBUNIT 5
Migut.11G035200,MgIM767.11G035000,1:1,out,,
Migut.11G035300,MgIM767.11G035100,1:1,out,AT5G58070,(1 of 1) K03098 - apolipoprotein D and lipocalin family protein (APOD)
Migut.11G035400,MgIM767.11G035200,1:1,out,AT5G58060,(1 of 2) K08516 - synaptobrevin homolog YKT6 (YKT6)
Migut.11G035500,MgIM767.11G035300,1:1,out,AT4G30996,(1 of 2) PTHR32254:SF3 - HEAT REPEAT-CONTAINING PROTEIN
Migut.11G035600,MgIM767.11G035400,1:1,out,AT2G25180,(1 of 1) PTHR43874:SF209 - TWO-COMPONENT RESPONSE REGULATOR ARR12
Migut.11G035700,x,IM62+,out,AT5G67030,"(1 of 1) K09838 - zeaxanthin epoxidase (ZEP, ABA1)"
Migut.11G035800,MgIM767.11G035500,1:1,out,AT2G25180,(1 of 1) PTHR43874:SF209 - TWO-COMPONENT RESPONSE REGULATOR ARR12
Migut.11G035900,MgIM767.11G035600,1:1,out,AT4G31020,(1 of 1) PTHR12277:SF167 - ALPHA_BETA-HYDROLASES SUPERFAMILY PROTEIN
Migut.11G036000,MgIM767.11G035700,1:1,out,AT5G58200,(1 of 1) PTHR35769:SF2 - CALCINEURIN-LIKE METALLO-PHOSPHOESTERASE SUPERFAMILY PROTEIN
Migut.11G036100,MgIM767.11G035800,1:1,out,AT1G17130,(1 of 2) PTHR12111:SF1 - COILED-COIL DOMAIN-CONTAINING PROTEIN 94
Migut.11G036200,MgIM767.11G035900,1:1,out,AT5G35330,(1 of 2) PTHR12396:SF0 - LD22928P
Migut.11G036300,MgIM767.11G036000,1:1,out,AT5G35330,(1 of 2) PTHR12396:SF0 - LD22928P
Migut.11G036400,MgIM767.11G036100,1:1,out,AT1G65790,(1 of 3) PF00954//PF01453//PF07714//PF08276//PF11883//PF12398 - S-locus glycoprotein domain (S_locus_glycop) // D-mannose binding lectin (B_lectin) // Protein tyrosine and serine/threonine kinase (PK_Tyr_Ser-Thr) // PAN-like domain (PAN_2) // Domain of unknown function (DUF3403) (DUF3403) // Receptor serine/threonine kinase (DUF3660)
Migut.11G036500,MgIM767.11G036200,1:1,out,AT4G19810,(1 of 9) 3.2.1.14//3.2.1.200 - chitinase. / poly-beta-glucosaminidase. // exo-chitinase (non-reducing end). / exo-chitinase (non-reducing end).
Migut.11G036600,MgIM767.11G036300,1:1,out,AT3G42640,"(1 of 1) PTHR42861:SF25 - ATPASE 8, PLASMA MEMBRANE-TYPE"
Migut.11G036700,MgIM767.11G036400,1:1,out,AT1G80710,(1 of 1) PTHR14773:SF0 - WD REPEAT-CONTAINING PROTEIN 76
Migut.11G036800,MgIM767.11G036500,1:1,out,AT2G22650,(1 of 1) PTHR13847:SF261 - FAD-DEPENDENT OXIDOREDUCTASE FAMILY PROTEIN
Migut.11G036900,MgIM767.11G036600,1:1,out,AT4G38500,(1 of 12) 3.5.1.23 - ceramidase. / acylsphingosine deacylase.
Migut.11G037000,MgIM767.11G036700,1:1,out,AT2G07690,"(1 of 1) K02209 - DNA replication licensing factor MCM5 (MCM5, CDC46)"
Migut.11G037100,MgIM767.11G036800,1:1,out,AT5G20320,(1 of 1) PTHR14950:SF15 - DICER-LIKE PROTEIN 4
Migut.11G037200,MgIM767.11G036900,1:1,out,AT5G51350,(1 of 2) PTHR48056:SF25 - PROTEIN KINASE DOMAIN-CONTAINING PROTEIN
Migut.11G037300,MgIM767.11G037000,1:1,out,AT5G35180,(1 of 1) PTHR12136:SF47 - STEROIDOGENIC ACUTE REGULATORY-LIKE PROTEIN 1
Migut.11G037400,MgIM767.11G037100,1:1,out,AT4G02050,(1 of 1) PTHR23500:SF109 - POLYOL TRANSPORTER 5
Migut.11G037500,MgIM767.11G037200,1:1,out,AT5G35170,(1 of 1) PTHR35509:SF6 - ADENYLATE KINASE
Migut.11G037600,MgIM767.11G037300,1:1,out,AT5G35160,(1 of 1) PTHR10766:SF184 - TRANSMEMBRANE 9 SUPERFAMILY MEMBER 11
Migut.11G037700,MgIM767.11G037400,1:1,out,AT2G46490,(1 of 1) PTHR35121:SF12 - SBP-TYPE DOMAIN-CONTAINING PROTEIN
x,MgIM767.11G037500,IM767+,out,AT5G35110,(1 of 1) PTHR35121:SF5 - GB|AAD20160.1
Migut.11G037800,MgIM767.11G037600,1:1,out,AT5G35110,(1 of 1) PTHR35121:SF5 - GB|AAD20160.1
Migut.11G037900,MgIM767.11G037700,1:1,out,AT2G46490,(1 of 1) PTHR35121:SF12 - SBP-TYPE DOMAIN-CONTAINING PROTEIN
Migut.11G038000,MgIM767.11G037800,1:1,out,AT5G35110,(1 of 1) PTHR35121:SF5 - GB|AAD20160.1
Migut.11G038100,MgIM767.11G037900,1:1,out,AT5G35110,(1 of 1) PTHR35121:SF5 - GB|AAD20160.1
Migut.11G038200,MgIM767.11G038000,1:1,out,AT5G07680,(1 of 1) PTHR31744:SF89 - NAC DOMAIN-CONTAINING PROTEIN 79
Migut.11G038300,MgIM767.11G038100,1:1,out,AT5G25220,(1 of 1) PTHR11850:SF323 - HOMEOBOX PROTEIN KNOTTED-1-LIKE 3
Migut.11G038400,MgIM767.11G038200,1:1,out,AT5G25240,(1 of 2) PTHR47076:SF1 - NHL DOMAIN PROTEIN
Migut.11G038500,MgIM767.11G038300,1:1,out,AT3G46920,(1 of 1) PTHR23257:SF797 - KINASE SUPERFAMILY WITH OCTICOSAPEPTIDE_PHOX_BEM1P DOMAIN-CONTAINING PROTEIN
Migut.11G038600,MgIM767.11G038400,1:1,out,AT5G35090,(1 of 1) PTHR33168:SF31 - VARLMGL DOMAIN-CONTAINING PROTEIN
Migut.11G038700,MgIM767.11G038500,1:1,out,AT2G15580,(1 of 1) PTHR22765:SF303 - RING ZINC FINGER PROTEIN_ 84572-85321-RELATED
Migut.11G038800,MgIM767.11G038600,1:1,out,AT1G48960,(1 of 1) PTHR47848:SF1 - ADENINE NUCLEOTIDE ALPHA HYDROLASES-LIKE SUPERFAMILY PROTEIN
Migut.11G038900,MgIM767.11G038700,1:1,out,AT2G15580,(1 of 1) PTHR22765:SF303 - RING ZINC FINGER PROTEIN_ 84572-85321-RELATED
Migut.11G039000,MgIM767.11G038800,1:1,out,,
Migut.11G039100,MgIM767.11G038900,1:1,out,AT5G45290,(1 of 1) PTHR47531:SF2 - RING_U-BOX SUPERFAMILY PROTEIN
Migut.11G039200,MgIM767.11G039000,1:1,out,,
Migut.11G039300,x,IM62+,out,AT1G51880,(1 of 1) PTHR45631:SF33 - PROTEIN KINASE DOMAIN-CONTAINING PROTEIN
Migut.11G039400,MgIM767.11G039100,1:1,out,AT5G55440,(1 of 17) PTHR44259:SF89 - DUF295 DOMAIN-CONTAINING PROTEIN-RELATED
Migut.11G039500,MgIM767.11G039200,1:1,out,AT5G49760,(1 of 3) PTHR45974:SF266 - LEUCINE-RICH REPEAT RECEPTOR PROTEIN KINASE HPCA1
Migut.11G039600,MgIM767.11G039300,1:1,out,AT2G41040,(1 of 1) PTHR43591:SF99 - OS06G0646000 PROTEIN
Migut.11G039700,MgIM767.11G039400,1:1,out,AT1G19250,(1 of 1) PTHR23023:SF143 - FLAVIN-CONTAINING MONOOXYGENASE 1-RELATED
Migut.11G039800,MgIM767.11G039500,1:1,out,AT1G19250,(1 of 1) PTHR23023:SF143 - FLAVIN-CONTAINING MONOOXYGENASE 1-RELATED
Migut.11G039900,MgIM767.11G039600,1:1,out,AT2G12646,(1 of 1) PTHR31065:SF11 - PLATZ TRANSCRIPTION FACTOR FAMILY PROTEIN
Migut.11G040000,MgIM767.11G039700,1:1,out,AT5G11090,(1 of 1) PTHR33132:SF140 - PLANT_F18G18-20 PROTEIN
Migut.11G040100,MgIM767.11G039800,1:1,out,AT5G54062,(1 of 6) PTHR31181:SF67 - EGG CELL-SECRETED-LIKE PROTEIN (DUF1278)-RELATED
Migut.11G040200,MgIM767.11G039900,1:1,out,AT5G59180,"(1 of 1) K03015 - DNA-directed RNA polymerase II subunit RPB7 (RPB7, POLR2G)"
Migut.11G040300,MgIM767.11G040000,1:1,out,AT2G25290,(1 of 1) PTHR46183:SF18 - PROTEIN PHOX1
Migut.11G040400,MgIM767.11G040100,1:1,out,AT5G51940,"(1 of 1) PTHR47227:SF5 - DNA-DIRECTED RNA POLYMERASES I, II, AND III SUBUNIT RPABC2"
Migut.11G040500,MgIM767.11G040200,1:1,out,AT5G34940,(1 of 1) K07964 - heparanase 1 (HPSE)
Migut.11G040600,MgIM767.11G040300,1:1,out,AT5G20380,"(1 of 1) PTHR11662:SF243 - ANION TRANSPORTER 6, CHLOROPLASTIC-RELATED"
Migut.11G040700,MgIM767.11G040400,1:1,out,AT5G20400,(1 of 5) 1.14.11.32 - codeine 3-O-demethylase. / codeine O-demethylase.
Migut.11G040800,MgIM767.11G040500,1:1,out,AT1G15710,"(1 of 1) PTHR43207:SF4 - AROGENATE DEHYDROGENASE 2, CHLOROPLASTIC"
Migut.11G040900,MgIM767.11G040600,1:1,out,AT1G15690,(1 of 1) PTHR31998:SF52 - PYROPHOSPHATE-ENERGIZED VACUOLAR MEMBRANE PROTON PUMP 1
Migut.11G041000,MgIM767.11G040700,1:1,out,AT4G39140,(1 of 1) PTHR31150:SF29 - RING FINGER FAMILY PROTEIN
Migut.11G041100,MgIM767.11G040800,1:1,out,AT5G46795,(1 of 1) PTHR34190:SF3 - MICROSPORE-SPECIFIC PROMOTER 2
Migut.11G041200,MgIM767.11G040900,1:1,out,AT5G20410,"(1 of 1) PTHR43025:SF1 - MONOGALACTOSYLDIACYLGLYCEROL SYNTHASE 2, CHLOROPLASTIC"
Migut.11G041300,MgIM767.11G041000,1:1,out,AT1G60430,"(1 of 1) K05756 - actin related protein 2/3 complex, subunit 3 (ARPC3)"
Migut.11G041400,MgIM767.11G041100,1:1,out,AT5G10790,"(1 of 1) K11366 - ubiquitin carboxyl-terminal hydrolase 22/27/51 [EC:3.4.19.12] (USP22_27_51, UBP8)"
Migut.11G041500,MgIM767.11G041200,1:1,out,AT5G20300,"(1 of 1) PTHR10903:SF68 - TRANSLOCASE OF CHLOROPLAST 90, CHLOROPLASTIC"
Migut.11G041600,MgIM767.11G041300,1:1,out,,(1 of 16) IPR011989//IPR016024 - Armadillo-like helical // Armadillo-type fold
Migut.11G041700,MgIM767.11G041400,1:1,out,AT1G75125,(1 of 1) PTHR15852:SF29 - SUPPRESSOR OF STOMATIN MUTANT UNCOORDINATION
Migut.11G041800,MgIM767.11G041500,1:1,out,AT5G34850,(1 of 2) 1.11.1.7//3.1.3.2 - peroxidase. / lactoperoxidase. // acid phosphatase. / phosphomonoesterase.
Migut.11G041900,MgIM767.11G041600,1:1,out,AT1G05500,(1 of 1) PTHR10774:SF149 - SYNAPTOTAGMIN-5
Migut.11G042000,MgIM767.11G041700,1:1,out,AT5G33280,(1 of 1) PTHR11689:SF92 - H(+)/CL(-) EXCHANGE TRANSPORTER 7
Migut.11G042100,MgIM767.11G041800,1:1,out,AT2G11520,(1 of 4) PTHR47989:SF35 - LRR RECEPTOR-LIKE SERINE_THREONINE-PROTEIN KINASE RKF3-RELATED
Migut.11G042200,MgIM767.11G041900,1:1,out,AT5G20270,(1 of 1) PTHR20855:SF115 - HEPTAHELICAL TRANSMEMBRANE PROTEIN 1
Migut.11G042300,MgIM767.11G042000,1:1,out,AT2G11000,(1 of 2) 2.3.1.256 - N-terminal methionine N(alpha)-acetyltransferase NatC. / N-terminal methionine N(alpha)-acetyltransferase NatC.
Migut.11G042400,MgIM767.11G042100,1:1,out,AT5G35200,(1 of 1) PTHR22951:SF32 - OS06G0175500 PROTEIN
Migut.11G042500,MgIM767.11G042200,1:1,out,AT2G10940,(1 of 24) IPR016140//IPR027923//IPR036312 - Bifunctional inhibitor/plant lipid transfer protein/seed storage helical domain // Hydrophobic seed protein // Bifunctional inhibitor/plant lipid transfer protein/seed storage helical domain superfamily
Migut.11G042600,MgIM767.11G042300,1:1,out,AT4G31080,(1 of 1) PTHR22166:SF35 - INTEGRAL MEMBRANE METAL-BINDING FAMILY PROTEIN (DUF2296)
Migut.11G042700,MgIM767.11G042400,1:1,out,AT5G35430,(1 of 1) K12607 - CCR4-NOT transcription complex subunit 10 (CNOT10)
Migut.11G042800,MgIM767.11G042500,1:1,out,,(1 of 1) K11138 - telomere-associated protein RIF1 (RIF1)
Migut.11G042900,MgIM767.11G042600,1:1,out,AT5G20250,(1 of 1) PTHR31268:SF5 - GALACTINOL--SUCROSE GALACTOSYLTRANSFERASE 6-RELATED
Migut.11G043000,MgIM767.11G042700,1:1,out,AT3G53270,(1 of 1) K15208 - snRNA-activating protein complex subunit 1 (SNAPC1)
Migut.11G043100,MgIM767.11G042800,1:1,out,AT3G42170,"(1 of 1) PF05699//PF14372 - hAT family C-terminal dimerisation region (Dimer_Tnp_hAT) // hAT-like transposase, RNase-H fold (hAT-like_RNase-H)"
Migut.11G043200,MgIM767.11G042900,1:1,out,AT3G07490,(1 of 1) PTHR10891:SF802 - CALMODULIN-LIKE PROTEIN 3
Migut.11G043300,MgIM767.11G043000,1:1,out,AT5G32440,(1 of 1) PTHR31245:SF1 - UBIQUITIN SYSTEM COMPONENT CUE PROTEIN
Migut.11G043400,MgIM767.11G043100,1:1,out,AT3G01300,(1 of 1) PTHR45621:SF77 - SERINE_THREONINE-PROTEIN KINASE PBL35
x,MgIM767.11G043200,IM767+,out,AT5G52600,(1 of 1) PTHR47999:SF21 - TRANSCRIPTION FACTOR MYB114-LIKE
Migut.11G043500,MgIM767.11G043300,1:1,out,AT4G32280,(1 of 28) K14484 - auxin-responsive protein IAA (IAA)
Migut.11G043600,x,IM62+,out,,
Migut.11G043700,MgIM767.11G043400,1:1,out,AT2G13290,"(1 of 1) PTHR12224:SF0 - BETA-1,4-MANNOSYL-GLYCOPROTEIN 4-BETA-N-ACETYLGLUCOSAMINYLTRANSFERASE"
Migut.11G043800,MgIM767.11G043500,1:1,out,AT4G32285,"(1 of 10) KOG0251 - Clathrin assembly protein AP180 and related proteins, contain ENTH domain"
Migut.11G043900,MgIM767.11G043600,1:1,out,AT3G33530,(1 of 1) PTHR14593:SF5 - WD REPEAT-CONTAINING PROTEIN 11
Migut.11G044000,MgIM767.11G043700,1:1,out,AT5G20230,(1 of 1) PTHR33021:SF580 - BLUE COPPER PROTEIN
Migut.11G044100,MgIM767.11G043800,1:1,out,AT2G26600,(1 of 1) PTHR32227:SF129 - GLYCOSYL HYDROLASE SUPERFAMILY PROTEIN
Migut.11G044200,MgIM767.11G043900,1:1,out,AT4G02530,"(1 of 1) PTHR35742:SF1 - THYLAKOID LUMENAL 16.5 KDA PROTEIN, CHLOROPLASTIC"
Migut.11G044300,MgIM767.11G044000,1:1,out,AT2G26580,(1 of 1) PTHR31675:SF6 - AXIAL REGULATOR YABBY 5
Migut.11G044400,MgIM767.11G044100,1:1,out,AT5G20200,(1 of 1) PTHR33416:SF18 - NUCLEOPORIN-LIKE PROTEIN
Migut.11G044500,MgIM767.11G044200,1:1,out,AT1G80130,(1 of 1) PTHR26312:SF180 - F18B13.21 PROTEIN
Migut.11G044600,MgIM767.11G044300,1:1,out,AT5G35410,(1 of 1) PTHR43895:SF168 - PROTEIN KINASE DOMAIN-CONTAINING PROTEIN
Migut.11G044700,MgIM767.11G044400,1:1,out,AT2G25490,(1 of 1) PTHR13318:SF88 - EIN3-BINDING F-BOX PROTEIN 1
x,MgIM767.11G044500,IM767+,out,AT4G12070,(1 of 26) IPR001478 - PDZ domain
Migut.11G044800,MgIM767.11G044600,1:1,out,AT5G25360,(1 of 6) PF13259 - Protein of unknown function (DUF4050) (DUF4050)
Migut.11G044900,MgIM767.11G044700,1:1,out,AT3G15760,(1 of 1) PTHR33564:SF13 - (RAPE) HYPOTHETICAL PROTEIN
Migut.11G045000,x,IM62+,out,AT3G15730,(1 of 1) PTHR18896:SF205 - PHOSPHOLIPASE D ALPHA 1
Migut.11G045100,MgIM767.11G044800,1:1,out,AT3G15730,(1 of 1) PTHR18896:SF205 - PHOSPHOLIPASE D ALPHA 1
Migut.11G045200,MgIM767.11G044900,1:1,out,AT5G19650,(1 of 1) PTHR33057:SF17 - GB|AAD12216.1-RELATED
Migut.11G045300,MgIM767.11G045000,1:1,out,AT3G18830,(1 of 1) PTHR23500:SF424 - POLYOL TRANSPORTER 5
Migut.11G045400,MgIM767.11G045100,1:1,out,AT5G19540,
Migut.11G045500,MgIM767.11G045200,1:1,out,AT5G24105,(1 of 1) PTHR33374:SF38 - ARABINOGALACTAN PROTEIN 41
Migut.11G045600,MgIM767.11G045300,1:1,out,AT3G24503,(1 of 1) K12355 - coniferyl-aldehyde dehydrogenase (REF1)
Migut.11G045700,MgIM767.11G045400,1:1,out,AT3G24495,(1 of 1) PTHR11361:SF153 - DNA MISMATCH REPAIR PROTEIN MSH7
Migut.11G045800,MgIM767.11G045500,1:1,out,AT3G24490,(1 of 1) PTHR31307:SF8 - ALCOHOL DEHYDROGENASE TRANSCRIPTION FACTOR MYB/SANT-LIKE PROTEIN
Migut.11G045900,MgIM767.11G045600,1:1,out,AT3G24430,"(1 of 1) PF01656//PF01883//PF06155 - CobQ/CobB/MinD/ParA nucleotide binding domain (CbiA) // Iron-sulfur cluster assembly protein (FeS_assembly_P) // Gamma-butyrobetaine hydroxylase-like, N-terminal (GBBH-like_N)"
Migut.11G046000,MgIM767.11G045700,1:1,out,AT5G19600,(1 of 1) PTHR11814:SF54 - SULFATE TRANSPORTER 3.5-RELATED
Migut.11G046100,MgIM767.11G045800,1:1,out,AT4G13350,(1 of 1) PTHR46085:SF3 - ARF-GAP DOMAIN-CONTAINING PROTEIN
Migut.11G046200,MgIM767.11G045900,1:1,out,AT2G26695,"(1 of 9) IPR001876//IPR036443 - Zinc finger, RanBP2-type // Zinc finger, RanBP2-type superfamily"
Migut.11G046300,MgIM767.11G046000,1:1,out,AT3G24330,"(1 of 1) PTHR32227:SF319 - GLUCAN ENDO-1,3-BETA-D-GLUCOSIDASE"
Migut.11G046400,MgIM767.11G046100,1:1,out,AT4G13360,"(1 of 1) PTHR43176:SF16 - 3-HYDROXYISOBUTYRYL-COA HYDROLASE-LIKE PROTEIN 3, MITOCHONDRIAL"
Migut.11G046500,MgIM767.11G046200,1:1,out,AT2G26730,(1 of 5) PTHR48010:SF55 - OS01G0607900 PROTEIN
Migut.11G046600,MgIM767.11G046300,1:1,out,AT3G25910,(1 of 10) PF07800 - Protein of unknown function (DUF1644) (DUF1644)
Migut.11G046700,x,IM62+,out,,
Migut.11G046800,MgIM767.11G046400,1:1,out,AT2G26910,(1 of 1) PTHR48040:SF12 - ABC TRANSPORTER DOMAIN-CONTAINING PROTEIN
Migut.11G046900,MgIM767.11G046500,1:1,out,AT1G08510,(1 of 1) K10781 - fatty acyl-ACP thioesterase B (FATB)
Migut.11G047000,MgIM767.11G046600,1:1,out,AT1G04870,(1 of 1) PTHR11006:SF68 - PROTEIN ARGININE N-METHYLTRANSFERASE PRMT10
Migut.11G047100,MgIM767.11G046700,1:1,out,AT3G24480,(1 of 2) PTHR32093:SF120 - LEUCINE-RICH REPEAT EXTENSIN-LIKE PROTEIN 3-RELATED
Migut.11G047200,MgIM767.11G046800,1:1,out,AT2G26695,"(1 of 9) IPR001876//IPR036443 - Zinc finger, RanBP2-type // Zinc finger, RanBP2-type superfamily"
Migut.11G047300,MgIM767.11G046900,1:1,out,AT5G19460,(1 of 4) 2.7.6.2 - thiamine diphosphokinase. / thiamine pyrophosphokinase.
Migut.11G047400,MgIM767.11G047000,1:1,out,AT5G20110,(1 of 6) 3.6.4.2 - dynein ATPase. / dynein adenosine 5'-triphosphatase.
Migut.11G047500,MgIM767.11G047100,1:1,out,AT5G25400,(1 of 1) PTHR11132:SF161 - DMT FAMILY ORGANIC ANION TRANSPORTER (EUROFUNG)
Migut.11G047600,MgIM767.11G047200,1:1,out,AT1G29250,(1 of 2) PTHR31947:SF43 - ALBA DNA_RNA-BINDING PROTEIN
Migut.11G047700,MgIM767.11G047300,1:1,out,AT1G80170,(1 of 1) PTHR31375:SF108 - OS05G0542800 PROTEIN
Migut.11G047800,MgIM767.11G047400,1:1,out,AT3G47650,"(1 of 1) PTHR15852:SF51 - PROTEIN BUNDLE SHEATH DEFECTIVE 2, CHLOROPLASTIC"
Migut.11G047900,MgIM767.11G047500,1:1,out,AT3G47650,"(1 of 1) PTHR15852:SF51 - PROTEIN BUNDLE SHEATH DEFECTIVE 2, CHLOROPLASTIC"
Migut.11G048000,MgIM767.11G047600,1:1,out,AT2G41475,(1 of 1) PTHR31718:SF46 - EMBRYO-SPECIFIC PROTEIN ATS3A
Migut.11G048100,MgIM767.11G047700,1:1,out,AT2G34790,(1 of 1) PTHR32448:SF73 - BERBERINE BRIDGE ENZYME-LIKE 15
Migut.11G048200,MgIM767.11G047800,1:1,out,AT2G26670,"(1 of 3) K00510 - heme oxygenase (HMOX, hmuO, ho)"
Migut.11G048300,MgIM767.11G047900,1:1,out,AT2G41480,(1 of 1) PTHR31235:SF368 - PEROXIDASE 25
Migut.11G048400,MgIM767.11G048000,1:1,out,AT5G19960,"(1 of 1) PTHR48024:SF21 - RNA-BINDING PROTEIN, PUTATIVE-RELATED"
Migut.11G048500,MgIM767.11G048100,1:1,out,AT2G26660,(1 of 1) PTHR45978:SF5 - SPX DOMAIN-CONTAINING PROTEIN 2
Migut.11G048600,MgIM767.11G048200,1:1,out,AT3G24550,(1 of 1) PTHR47982:SF35 - PROLINE-RICH RECEPTOR-LIKE PROTEIN KINASE PERK1
Migut.11G048700,MgIM767.11G048300,1:1,out,AT5G02850,(1 of 1) PTHR13208:SF2 - MEDIATOR OF RNA POLYMERASE II TRANSCRIPTION SUBUNIT 4
Migut.11G048800,MgIM767.11G048400,1:1,out,AT1G52280,(1 of 2) PTHR47981:SF20 - RAB FAMILY
Migut.11G048900,MgIM767.11G048500,1:1,out,AT3G24600,"(1 of 2) PTHR48348:SF1 - 2, PUTATIVE-RELATED"
Migut.11G049000,MgIM767.11G048600,1:1,out,AT3G24620,(1 of 2) PTHR33101:SF55 - RHO GUANINE NUCLEOTIDE EXCHANGE FACTOR 8-RELATED
Migut.11G049100,MgIM767.11G048700,1:1,out,AT5G11520,"(1 of 1) PTHR11879:SF57 - ASPARTATE AMINOTRANSFERASE 3, CHLOROPLASTIC"
Migut.11G049200,MgIM767.11G048800,1:1,out,AT5G42030,(1 of 1) PTHR10460:SF32 - PROTEIN ABIL4
x,MgIM767.11G048900,IM767+,out,AT4G23730,(1 of 1) PTHR11122:SF31 - GLUCOSE-6-PHOSPHATE 1-EPIMERASE
x,MgIM767.11G049000,IM767+,out,AT3G61610,(1 of 1) PTHR11122:SF31 - GLUCOSE-6-PHOSPHATE 1-EPIMERASE
Migut.11G049300,MgIM767.11G049100,1:1,out,AT4G29010,(1 of 2) 1.1.1.35//4.2.1.17//5.1.2.3//5.3.3.8 - 3-hydroxyacyl-CoA dehydrogenase. / beta-keto-reductase. // enoyl-CoA hydratase. / unsaturated acyl-CoA hydratase. // 3-hydroxybutyryl-CoA epimerase. / 3-hydroxybutyryl-CoA epimerase. // Delta(3)-Delta(2)-enoyl-CoA isomerase. / dodecenoyl-CoA isomerase.
Migut.11G049400,MgIM767.11G049200,1:1,out,AT4G29000,(1 of 2) PTHR12446:SF34 - PROTEIN LIN-54 HOMOLOG-RELATED
Migut.11G049500,MgIM767.11G049300,1:1,out,AT4G28990,(1 of 1) PTHR23238:SF26 - RNA-BINDING PROTEIN CABEZA
Migut.11G049600,x,IM62+,out,,
Migut.11G049700,MgIM767.11G049400,1:1,out,AT3G61610,(1 of 1) PTHR11122:SF31 - GLUCOSE-6-PHOSPHATE 1-EPIMERASE
Migut.11G049800,MgIM767.11G049500,1:1,out,,
Migut.11G049900,MgIM767.11G049600,1:1,out,AT4G28950,(1 of 1) PTHR24072:SF127 - RAC-LIKE GTP-BINDING PROTEIN ARAC7
Migut.11G050000,MgIM767.11G049700,1:1,out,AT1G65980,(1 of 1) PF00578//PF08534 - AhpC/TSA family (AhpC-TSA) // Redoxin (Redoxin)
Migut.11G050100,MgIM767.11G049800,1:1,out,AT3G06880,(1 of 2) 2.7.11.7 - [myosin heavy-chain] kinase. / myosin II heavy-chain kinase.
Migut.11G050200,MgIM767.11G049900,1:1,out,AT1G30910,(1 of 2) PTHR14237:SF19 - MOLYBDENUM COFACTOR SULFURASE
Migut.11G050300,MgIM767.11G050000,1:1,out,AT4G29100,(1 of 1) PTHR16223:SF53 - TRANSCRIPTION FACTOR BHLH133-RELATED
Migut.11G050400,x,IM62+,out,AT1G76500,(1 of 1) PTHR31100:SF51 - AT-HOOK MOTIF NUCLEAR-LOCALIZED PROTEIN 29
Migut.11G050500,MgIM767.11G050100,1:1,out,AT4G28830,(1 of 1) K07579 - putative methylase (K07579)
Migut.11G050600,MgIM767.11G050200,1:1,out,AT4G29060,"(1 of 1) K02357 - elongation factor Ts (tsf, TSFM)"
Migut.11G050700,MgIM767.11G050300,1:1,out,AT4G28840,(1 of 1) PTHR33388:SF12 - PROTEIN SPEAR3
Migut.11G050800,MgIM767.11G050400,1:1,out,AT1G67290,(1 of 1) PTHR32208:SF106 - ALDEHYDE OXIDASE GLOX1
Migut.11G050900,MgIM767.11G050500,1:1,out,AT4G28850,(1 of 1) PTHR31062:SF155 - XYLOGLUCAN ENDOTRANSGLUCOSYLASE_HYDROLASE PROTEIN 26-RELATED
Migut.11G051000,MgIM767.11G050600,1:1,out,AT1G70830,(1 of 3) PTHR31907:SF24 - MLP-LIKE PROTEIN 28-RELATED
Migut.11G051100,MgIM767.11G050700,1:1,out,AT1G70850,(1 of 3) PTHR31907:SF24 - MLP-LIKE PROTEIN 28-RELATED
Migut.11G051200,MgIM767.11G050800,1:1,out,AT1G70850,(1 of 3) PTHR31907:SF24 - MLP-LIKE PROTEIN 28-RELATED
Migut.11G051300,MgIM767.11G050900,1:1,out,AT1G70830,(1 of 3) PTHR31907:SF24 - MLP-LIKE PROTEIN 28-RELATED
Migut.11G051400,MgIM767.11G051000,1:1,out,AT1G70830,(1 of 3) PTHR31907:SF24 - MLP-LIKE PROTEIN 28-RELATED
Migut.11G051500,MgIM767.11G051100,1:1,out,AT1G67280,(1 of 1) PTHR46036:SF5 - LACTOYLGLUTATHIONE LYASE
Migut.11G051600,MgIM767.11G051200,1:1,out,AT4G28910,(1 of 1) PTHR31413:SF12 - AFP HOMOLOG 2
Migut.11G051700,MgIM767.11G051300,1:1,out,AT4G28890,(1 of 2) PTHR46539:SF1 - E3 UBIQUITIN-PROTEIN LIGASE ATL42
x,MgIM767.11G051401,IM767+,out,AT5G44320,(1 of 2) K03251 - translation initiation factor 3 subunit D (EIF3D)
Migut.11G051800,MgIM767.11G051500,1:1,out,AT2G20050,(1 of 1) 2.7.11.12//3.1.3.16 - cGMP-dependent protein kinase. / PKG II. // protein-serine/threonine phosphatase. / serine/threonine specific protein phosphatase.
Migut.11G051900,MgIM767.11G051600,1:1,out,AT5G37000,(1 of 1) PTHR11062:SF77 - EXOSTOSIN FAMILY PROTEIN
Migut.11G052000,MgIM767.11G051700,1:1,out,AT2G20020,"(1 of 1) PTHR46247:SF1 - CRS2-ASSOCIATED FACTOR 1, CHLOROPLASTIC"
Migut.11G052100,MgIM767.11G051800,1:1,out,AT1G77210,(1 of 1) PTHR23500:SF14 - SUGAR TRANSPORT PROTEIN 14
Migut.11G052200,MgIM767.11G051900,1:1,out,AT2G44970,(1 of 1) PTHR31934:SF6 - ALPHA_BETA-HYDROLASES SUPERFAMILY PROTEIN
Migut.11G052300,MgIM767.11G052000,1:1,out,AT5G11590,(1 of 1) PTHR31985:SF259 - DEHYDRATION-RESPONSIVE ELEMENT-BINDING PROTEIN 3
Migut.11G052400,MgIM767.11G052100,1:1,out,AT5G55300,(1 of 2) K03163 - DNA topoisomerase I [EC:5.99.1.2] (TOP1)
Migut.11G052500,MgIM767.11G052200,1:1,out,AT2G25800,"(1 of 6) IPR014770//IPR014772 - Munc13 homology 1 // Mammalian uncoordinated homology 13, domain 2"
Migut.11G052600,MgIM767.11G052300,1:1,out,AT5G42180,(1 of 1) PTHR31235:SF181 - PEROXIDASE 64
Migut.11G052700,MgIM767.11G052400,1:1,out,AT5G19690,(1 of 1) PTHR13872:SF48 - DOLICHYL-DIPHOSPHOOLIGOSACCHARIDE--PROTEIN GLYCOSYLTRANSFERASE SUBUNIT STT3A
Migut.11G052800,MgIM767.11G052500,1:1,out,AT1G77170,(1 of 32) PTHR47928:SF190 - OS04G0110500 PROTEIN
Migut.11G052900,MgIM767.11G052600,1:1,out,AT1G52140,(1 of 1) PTHR33265:SF59 - AVR9_CF-9 RAPIDLY ELICITED PROTEIN
Migut.11G053000,MgIM767.11G052700,1:1,out,AT2G19950,(1 of 1) PTHR13815:SF7 - GOLGIN SUBFAMILY A MEMBER 5
Migut.11G053100/Migut.11G053200,MgIM767.11G052800,1:1,out,AT2G19930,(1 of 2) PTHR23079:SF55 - RNA-DIRECTED RNA POLYMERASE
Migut.11G053300,MgIM767.11G052900,1:1,out,AT5G11670,(1 of 1) PTHR23406:SF70 - NADP-DEPENDENT MALIC ENZYME 2
Migut.11G053400,MgIM767.11G053000,1:1,out,AT1G35190,(1 of 1) PTHR10209:SF868 - 2-OXOGLUTARATE (2OG) AND FE(II)-DEPENDENT OXYGENASE SUPERFAMILY PROTEIN
Migut.11G053500,MgIM767.11G053100,1:1,out,AT1G35190,(1 of 1) PTHR10209:SF868 - 2-OXOGLUTARATE (2OG) AND FE(II)-DEPENDENT OXYGENASE SUPERFAMILY PROTEIN
Migut.11G053600,MgIM767.11G053200,1:1,out,AT3G19950,(1 of 1) PTHR15710:SF208 - E3 UBIQUITIN-PROTEIN LIGASE RING1-LIKE
Migut.11G053700,MgIM767.11G053300,1:1,out,AT3G19950,(1 of 1) PTHR15710:SF208 - E3 UBIQUITIN-PROTEIN LIGASE RING1-LIKE
Migut.11G053800,MgIM767.11G053400,1:1,out,AT3G21600,(1 of 1) PTHR21068:SF36 - SENESCENCE_DEHYDRATION-ASSOCIATED PROTEIN-LIKE PROTEIN
Migut.11G053900,MgIM767.11G053500,1:1,out,AT2G40570,(1 of 1) K15463 - tRNA A64-2'-O-ribosylphosphate transferase [EC:2.4.2.-] (RIT1)
Migut.11G054000,MgIM767.11G053600,1:1,out,AT1G60660,(1 of 1) PTHR19359:SF95 - CYTOCHROME B5 HEME-BINDING DOMAIN-CONTAINING PROTEIN
Migut.11G054100,MgIM767.11G053700,1:1,out,AT2G19880,(1 of 1) 2.4.1.80 - ceramide glucosyltransferase. / UDP-glucose-ceramide glucosyltransferase.
Migut.11G054200,MgIM767.11G053800,1:1,out,AT2G19870,(1 of 1) 2.1.1.185 - 23S rRNA (guanosine(2251)-2'-O)-methyltransferase. / 23S rRNA (guanosine(2251)-2'-O)-methyltransferase.
Migut.11G054300,MgIM767.11G053900,1:1,out,AT2G37410,(1 of 2) K17795 - mitochondrial import inner membrane translocase subunit TIM17 (TIM17)
Migut.11G054400,MgIM767.11G054000,1:1,out,AT2G37410,(1 of 2) K17795 - mitochondrial import inner membrane translocase subunit TIM17 (TIM17)
Migut.11G054500,MgIM767.11G054100,1:1,out,AT5G25930,"(1 of 1) PTHR48056:SF29 - SERINE-THREONINE PROTEIN KINASE, PLANT-TYPE"
Migut.11G054600,MgIM767.11G054200,1:1,out,,(1 of 1) PTHR48205:SF1 - OS01G0742766 PROTEIN
Migut.11G054700,MgIM767.11G054300,1:1,out,AT3G16490,(1 of 3) PTHR32295:SF10 - CALMODULIN-BINDING FAMILY PROTEIN
Migut.11G054800,MgIM767.11G054400,1:1,out,AT5G19730,(1 of 1) PTHR31321:SF57 - PECTINESTERASE 53-RELATED
Migut.11G054900,MgIM767.11G054500,1:1,out,AT4G29380,"(1 of 1) K08333 - phosphoinositide-3-kinase, regulatory subunit 4 (PIK3R4, VPS15)"
Migut.11G055000,MgIM767.11G054600,1:1,out,AT5G56550,(1 of 2) PTHR33172:SF99 - PROTEIN OXIDATIVE STRESS 3
Migut.11G055100,MgIM767.11G054700,1:1,out,AT5G56590,"(1 of 1) PTHR32227:SF88 - GLUCAN ENDO-1,3-BETA-GLUCOSIDASE 12-RELATED"
Migut.11G055200,MgIM767.11G054800,1:1,out,AT2G19760,(1 of 1) PTHR11604:SF45 - PROFILIN-1
Migut.11G055300,MgIM767.11G054900,1:1,out,AT2G19770,(1 of 1) PTHR11604:SF25 - PROFILIN-5
Migut.11G055400,MgIM767.11G055000,1:1,out,AT4G29310,(1 of 1) PTHR31317:SF14 - DUF1005 FAMILY PROTEIN (DUF1005)
Migut.11G055500,MgIM767.11G055100,1:1,out,AT1G52720,(1 of 2) PTHR34198:SF26 - (RAPE) HYPOTHETICAL PROTEIN
Migut.11G055600,MgIM767.11G055200,1:1,out,AT4G29260,(1 of 1) PTHR31284:SF60 - ACID PHOSPHATASE-LIKE PROTEIN
Migut.11G055700,MgIM767.11G055300,1:1,out,AT4G29240,(1 of 1) PTHR32093:SF86 - EXTENSIN-LIKE PROTEIN
Migut.11G055800,MgIM767.11G055400,1:1,out,AT2G35680,(1 of 1) PTHR46274:SF9 - PHOSPHATIDYLGLYCEROPHOSPHATE PHOSPHATASE PTPMT1
Migut.11G055900,MgIM767.11G055500,1:1,out,AT4G29230,(1 of 1) PTHR31079:SF31 - NAC DOMAIN-CONTAINING PROTEIN 75
Migut.11G056000,MgIM767.11G055600,1:1,out,AT1G51980,"(1 of 1) PTHR11851:SF203 - MITOCHONDRIAL-PROCESSING PEPTIDASE SUBUNIT ALPHA-1, MITOCHONDRIAL-RELATED"
Migut.11G056100,MgIM767.11G055700,1:1,out,AT5G47240,(1 of 1) PTHR13994:SF13 - NUCLEOSIDE DIPHOSPHATE-LINKED MOIETY X MOTIF 6
Migut.11G056200,MgIM767.11G055800,1:1,out,AT4G26270,(1 of 1) PTHR45770:SF52 - ATP-DEPENDENT 6-PHOSPHOFRUCTOKINASE 3
Migut.11G056300,MgIM767.11G055900,1:1,out,AT2G19790,(1 of 1) K12403 - AP-4 complex subunit sigma-1 (AP4S1)
Migut.11G056400,MgIM767.11G056000,1:1,out,AT4G29210,(1 of 1) PTHR11686:SF9 - GAMMA-GLUTAMYL TRANSPEPTIDASE
Migut.11G056500,MgIM767.11G056100,1:1,out,AT2G19800,(1 of 1) PTHR12588:SF10 - INOSITOL OXYGENASE 2
Migut.11G056600,MgIM767.11G056200,1:1,out,AT2G19810,(1 of 1) PTHR14493:SF152 - ZINC FINGER CCCH DOMAIN-CONTAINING PROTEIN 20
Migut.11G056700,MgIM767.11G056300,1:1,out,AT5G57620,(1 of 1) PTHR48000:SF21 - TRANSCRIPTION FACTOR MYB36
Migut.11G056800,MgIM767.11G056400,1:1,out,AT5G24105,(1 of 1) PTHR33374:SF38 - ARABINOGALACTAN PROTEIN 41
Migut.11G056900,MgIM767.11G056500,1:1,out,AT4G29170,(1 of 1) PTHR31398:SF0 - MEIOTIC NUCLEAR DIVISION PROTEIN 1 HOMOLOG
Migut.11G057000,MgIM767.11G056600,1:1,out,AT2G19830,(1 of 1) PTHR22761:SF10 - GH13992P
Migut.11G057100,MgIM767.11G056700,1:1,out,AT1G51760,(1 of 2) PTHR11014:SF169 - IAA-AMINO ACID HYDROLASE ILR1-LIKE 4-RELATED
Migut.11G057200,MgIM767.11G056800,1:1,out,AT2G19750,"(1 of 3) K02983 - small subunit ribosomal protein S30e (RP-S30e, RPS30)"
Migut.11G057300,MgIM767.11G056900,1:1,out,AT4G26240,(1 of 248) IPR036259 - MFS transporter superfamily
Migut.11G057400,MgIM767.11G057000,1:1,out,AT4G29400,(1 of 1) PTHR46737:SF3 - OXIDOREDUCTASE_TRANSITION METAL ION-BINDING PROTEIN (DUF3531)
Migut.11G057500,MgIM767.11G057100,1:1,out,AT4G29420,(1 of 1) PTHR31215:SF23 - OS01G0193500 PROTEIN
Migut.11G057600,MgIM767.11G057200,1:1,out,AT4G31770,(1 of 1) K18328 - lariat debranching enzyme [EC:3.1.-.-] (DBR1)
Migut.11G057700,MgIM767.11G057300,1:1,out,AT4G26220,(1 of 1) 2.1.1.104//2.1.1.68 - caffeoyl-CoA O-methyltransferase. / trans-caffeoyl-CoA 3-O-methyltransferase. // caffeate O-methyltransferase. / caffeate O-methyltransferase.
Migut.11G057800,MgIM767.11G057400,1:1,out,AT2G19710,(1 of 1) PTHR12161:SF87 - REGULATOR OF VPS4 ACTIVITY IN THE MVB PATHWAY PROTEIN
Migut.11G057900,x,IM62+,out,,
Migut.11G058000,MgIM767.11G057500,1:1,out,AT2G19690,(1 of 1) PTHR11716:SF99 - PHOSPHOLIPASE A2-BETA
x,MgIM767.11G057600,IM767+,out,,(1 of 27) 3.1.1.4 - phospholipase A2. / phosphatidylcholine 2-acylhydrolase.
Migut.11G058100,MgIM767.11G057700,1:1,out,AT4G26200,(1 of 1) PTHR43795:SF39 - 1-AMINOCYCLOPROPANE-1-CARBOXYLATE SYNTHASE 7
Migut.11G058200,MgIM767.11G057800,1:1,out,AT4G29520,(1 of 6) IPR008139 - Saposin B type domain
Migut.11G058300,x,IM62+,out,AT1G80920,"(1 of 1) PTHR24074:SF35 - CHAPERONE PROTEIN DNAJ 8, CHLOROPLASTIC"
Migut.11G058400,MgIM767.11G057900,1:1,out,AT3G47580,(1 of 4) PTHR27008:SF526 - (RAPE) HYPOTHETICAL PROTEIN
Migut.11G058500,MgIM767.11G058000,1:1,out,AT4G35740,(1 of 1) PTHR13710:SF157 - ATP-DEPENDENT DNA HELICASE Q-LIKE 3
Migut.11G058600,MgIM767.11G058100,1:1,out,AT2G29660,(1 of 140) IPR013087 - Zinc finger C2H2-type/integrase DNA-binding domain
Migut.11G058700,MgIM767.11G058200,1:1,out,AT5G56750,(1 of 1) PTHR11034:SF56 - GH09802P
Migut.11G058800,MgIM767.11G058300,1:1,out,AT5G56760,(1 of 1) PTHR42811:SF5 - SERINE ACETYLTRANSFERASE-RELATED
x,MgIM767.11G058400,IM767+,out,AT5G56780,(1 of 2) PTHR35133:SF1 - EFFECTOR OF TRANSCRIPTION2-RELATED
Migut.11G058900,MgIM767.11G058500,1:1,out,AT5G56790,(1 of 1) PTHR47989:SF72 - PROTEIN KINASE DOMAIN-CONTAINING PROTEIN
Migut.11G059000,MgIM767.11G058600,1:1,out,AT5G49710,(1 of 3) IPR027434 - Homing endonuclease
Migut.11G059100,MgIM767.11G058700,1:1,out,AT5G56840,(1 of 1) PTHR44191:SF62 - MYB DOMAIN PROTEIN
Migut.11G059200,MgIM767.11G058800,1:1,out,AT2G19600,(1 of 1) PTHR16254:SF14 - TRANSMEMBRANE AND COILED-COIL DOMAIN-CONTAINING PROTEIN 3
Migut.11G059300,MgIM767.11G058900,1:1,out,AT4G29560,(1 of 1) PTHR32094:SF5 - FANCONI ANEMIA GROUP E PROTEIN
Migut.11G059400,MgIM767.11G059000,1:1,out,AT3G26590,(1 of 3) PTHR11206:SF275 - PROTEIN DETOXIFICATION 29-RELATED
Migut.11G059500,MgIM767.11G059100,1:1,out,AT1G12950,(1 of 1) PTHR11206:SF458 - PROTEIN DETOXIFICATION 31
Migut.11G059600,MgIM767.11G059200,1:1,out,AT3G26590,(1 of 3) PTHR11206:SF275 - PROTEIN DETOXIFICATION 29-RELATED
Migut.11G059700,MgIM767.11G059300,1:1,out,,
Migut.11G059800,MgIM767.11G059400,1:1,out,AT3G26580,(1 of 41) IPR011990//IPR019734 - Tetratricopeptide-like helical domain // Tetratricopeptide repeat
Migut.11G059900,MgIM767.11G059500,1:1,out,AT1G70610,"(1 of 1) PTHR24222:SF64 - ABC TRANSPORTER B FAMILY MEMBER 26, CHLOROPLASTIC"
Migut.11G060000,MgIM767.11G059600,1:1,out,AT1G70620,(1 of 1) PTHR31518:SF3 - ARGININE/SERINE-RICH PROTEIN PNISR
Migut.11G060100,MgIM767.11G059700,1:1,out,AT3G26570,"(1 of 1) K14640 - solute carrier family 20 (sodium-dependent phosphate transporter) (SLC20A, PIT)"
Migut.11G060200,MgIM767.11G059800,1:1,out,,
Migut.11G060300,MgIM767.11G059900,1:1,out,AT1G70630,(1 of 1) PTHR47483:SF1 - BETA-ARABINOFURANOSYLTRANSFERASE RAY1
Migut.11G060400,MgIM767.11G060000,1:1,out,AT5G67360,(1 of 1) PTHR10795:SF469 - SUBTILISIN-LIKE PROTEASE SBT1.7
Migut.11G060500,MgIM767.11G060100,1:1,out,AT5G54165,(1 of 1) PTHR33641:SF16 - AVR9_CF-9 RAPIDLY ELICITED PROTEIN
Migut.11G060600,MgIM767.11G060200,1:1,out,AT1G70640,(1 of 38) PF00564 - PB1 domain (PB1)
Migut.11G060700,MgIM767.11G060300,1:1,out,AT1G12970,(1 of 1) PTHR48051:SF43 - LEUCINE-RICH REPEAT-CONTAINING PROTEIN 47-LIKE PROTEIN
Migut.11G060800,MgIM767.11G060400,1:1,out,AT4G24690,(1 of 1) K17987 - next to BRCA1 gene 1 protein (NBR1)
Migut.11G060900,MgIM767.11G060500,1:1,out,AT5G39390,(1 of 1) PF07714//PF08263 - Protein tyrosine and serine/threonine kinase (PK_Tyr_Ser-Thr) // Leucine rich repeat N-terminal domain (LRRNT_2)
Migut.11G061000,MgIM767.11G060600,1:1,out,AT1G24590,(1 of 1) PTHR31677:SF78 - ETHYLENE-RESPONSIVE TRANSCRIPTION FACTOR ESR2
Migut.11G061100,MgIM767.11G060700,1:1,out,AT1G67900,(1 of 2) IPR011333//IPR027356 - POZ domain // NPH3 domain
Migut.11G061200,MgIM767.11G060800,1:1,out,AT1G12990,"(1 of 2) PTHR12224:SF29 - BETA-1,4-N-ACETYLGLUCOSAMINYLTRANSFERASE FAMILY PROTEIN"
x,MgIM767.11G060850,IM767+,out,AT5G27260,(1 of 1) PTHR47864:SF4 - MYB_SANT-LIKE DNA-BINDING DOMAIN PROTEIN
Migut.11G061300,MgIM767.11G060900,1:1,out,AT1G67856,(1 of 3) K16285 - RING/U-box domain-containing protein (XERICO)
Migut.11G061400,MgIM767.11G061000,1:1,out,AT1G67850,(1 of 1) PTHR31210:SF68 - OS06G0727800 PROTEIN
Migut.11G061500,MgIM767.11G061100,1:1,out,AT1G18770,(1 of 5) PTHR15710:SF237 - F6A14.12 PROTEIN-RELATED
Migut.11G061600,MgIM767.11G061200,1:1,out,AT1G67840,"(1 of 1) PTHR48206:SF1 - CHLOROPLAST SENSOR KINASE, CHLOROPLASTIC"
Migut.11G061700,MgIM767.11G061300,1:1,out,AT3G26430,(1 of 1) PTHR22835:SF117 - ALPHA-L-FUCOSIDASE 3
Migut.11G061800,MgIM767.11G061400,1:1,out,AT1G13020,(1 of 1) PTHR32091:SF29 - EUKARYOTIC TRANSLATION INITIATION FACTOR 4B2
Migut.11G061900,MgIM767.11G061500,1:1,out,AT3G26380,(1 of 1) KOG2366 - Alpha-D-galactosidase (melibiase)
Migut.11G062000,MgIM767.11G061600,1:1,out,AT3G26360,"(1 of 1) K02970 - small subunit ribosomal protein S21 (RP-S21, MRPS21, rpsU)"
Migut.11G062100,MgIM767.11G061700,1:1,out,AT1G13030,"(1 of 1) K13150 - coilin (COIL, CLN80)"
Migut.11G062200,MgIM767.11G061800,1:1,out,AT5G57330,(1 of 1) PTHR11122:SF13 - GLUCOSE-6-PHOSPHATE 1-EPIMERASE
Migut.11G062300,MgIM767.11G061900,1:1,out,AT5G57330,(1 of 1) PTHR11122:SF13 - GLUCOSE-6-PHOSPHATE 1-EPIMERASE
Migut.11G062400,MgIM767.11G062000,1:1,out,AT5G57330,(1 of 1) PTHR11122:SF13 - GLUCOSE-6-PHOSPHATE 1-EPIMERASE
x,MgIM767.11G062100,IM767+,out,AT5G57330,(1 of 1) PTHR11122:SF13 - GLUCOSE-6-PHOSPHATE 1-EPIMERASE
Migut.11G062500,MgIM767.11G062200,1:1,out,AT3G55270,(1 of 1) PTHR46381:SF4 - MKPA PROTEIN
Migut.11G062600,MgIM767.11G062300,1:1,out,AT1G13040,(1 of 7) PTHR47941:SF54 - PPR_LONG DOMAIN-CONTAINING PROTEIN
Migut.11G062700,MgIM767.11G062400,1:1,out,AT3G26350,(1 of 4) PTHR31234:SF42 - LATE EMBRYOGENESIS ABUNDANT (LEA) HYDROXYPROLINE-RICH GLYCOPROTEIN FAMILY
Migut.11G062800,MgIM767.11G062500,1:1,out,AT1G24560,(1 of 1) PTHR34937:SF1 - MYOSIN HEAVY CHAIN-RELATED
Migut.11G062900,MgIM767.11G062600,1:1,out,AT1G13120,(1 of 1) K18723 - nucleoporin GLE1 (GLE1)
Migut.11G063000,MgIM767.11G062700,1:1,out,AT3G26620,(1 of 2) PTHR31301:SF120 - LOB DOMAIN-CONTAINING PROTEIN 23-RELATED
Migut.11G063100,MgIM767.11G062800,1:1,out,AT1G13130,(1 of 1) PTHR31263:SF44 - OS04G0481200 PROTEIN
Migut.11G063200,MgIM767.11G062900,1:1,out,AT3G27430,(1 of 2) K02739 - 20S proteasome subunit beta 2 (PSMB7)
Migut.11G063300,MgIM767.11G063000,1:1,out,AT5G63150,(1 of 1) PTHR32035:SF12 - MITOCHONDRIAL MRNA-PROCESSING PROTEIN COX24 C-TERMINAL DOMAIN-CONTAINING PROTEIN
Migut.11G063400,MgIM767.11G063100,1:1,out,AT3G28345,(1 of 5) PTHR24222:SF79 - ABC TRANSPORTER B FAMILY MEMBER 15-LIKE ISOFORM X1
Migut.11G063500,MgIM767.11G063200,1:1,out,AT1G67785,(1 of 1) PTHR37711:SF2 - (RAPE) HYPOTHETICAL PROTEIN
Migut.11G063600,MgIM767.11G063300,1:1,out,AT3G26120,(1 of 2) PTHR23189:SF108 - PROTEIN MEI2
Migut.11G063700,MgIM767.11G063400,1:1,out,AT3G26115,"(1 of 1) PTHR43780:SF7 - D-CYSTEINE DESULFHYDRASE 2, MITOCHONDRIAL"
Migut.11G063800,MgIM767.11G063500,1:1,out,AT1G13160,"(1 of 2) K14856 - protein SDA1 (SDA1, SDAD1)"
Migut.11G063900,MgIM767.11G063600,1:1,out,AT1G13170,(1 of 1) PTHR10972:SF67 - OXYSTEROL-BINDING PROTEIN-RELATED PROTEIN 1D
Migut.11G064000,MgIM767.11G063700,1:1,out,AT1G13180,"(1 of 1) K18584 - actin-related protein 3 (ACTR3, ARP3)"
Migut.11G064100,MgIM767.11G063800,1:1,out,AT1G13190,(1 of 1) PTHR23204:SF10 - F3F19.21 PROTEIN
Migut.11G064200,MgIM767.11G063900,1:1,out,AT1G24510,(1 of 1) K09497 - T-complex protein 1 subunit epsilon (CCT5)
Migut.11G064300,MgIM767.11G064000,1:1,out,AT1G67750,(1 of 1) PTHR31683:SF164 - PECTATE LYASE 5-RELATED
Migut.11G064400,MgIM767.11G064100,1:1,out,AT1G24490,(1 of 1) PTHR12428:SF14 - MITOCHONDRIAL INNER MEMBRANE PROTEIN OXA1L
Migut.11G064500,x,IM62+,out,,
Migut.11G064600,x,IM62+,out,AT3G51150,(1 of 1) PTHR47968:SF3 - KINESIN-LIKE PROTEIN KIN-7G
Migut.11G064700,MgIM767.11G064200,1:1,out,AT1G24480,(1 of 1) PTHR45085:SF2 - F21J9.14
Migut.11G064800,MgIM767.11G064300,1:1,out,AT4G00930,(1 of 8) 2.7.8.7 - holo-[acyl-carrier-protein] synthase. / PPTase.
Migut.11G064900,x,IM62+,out,,
Migut.11G065000,MgIM767.11G064500,1:1,out,AT1G24470,(1 of 1) PTHR43899:SF26 - 3-OXOACYL-[ACYL-CARRIER-PROTEIN] REDUCTASE
Migut.11G065100,MgIM767.11G064400,1:1,out,AT1G24470,(1 of 1) PTHR43899:SF26 - 3-OXOACYL-[ACYL-CARRIER-PROTEIN] REDUCTASE
Migut.11G065200,MgIM767.11G064600,1:1,out,AT3G26085,(1 of 1) PTHR43592:SF7 - CAAX AMINO TERMINAL PROTEASE FAMILY PROTEIN
Migut.11G065300,x,IM62+,out,,
Migut.11G065400,MgIM767.11G064700,1:1,out,AT1G24460,(1 of 1) PTHR43939:SF68 - PH DOMAIN-CONTAINING PROTEIN
Migut.11G065500,MgIM767.11G064800,1:1,out,AT3G48460,"(1 of 1) PTHR22835:SF557 - LIPASE_HYDROLASE FAMILY PROTEIN, PUTATIVE, EXPRESSED-RELATED"
Migut.11G065600,MgIM767.11G064900,1:1,out,AT1G24440,(1 of 1) PTHR15315:SF35 - F21J9.10
Migut.11G065700,MgIM767.11G065000,1:1,out,AT1G67720,(1 of 1) PTHR45631:SF19 - PROTEIN KINASE DOMAIN-CONTAINING PROTEIN
Migut.11G065800,MgIM767.11G065100,1:1,out,AT5G01520,(1 of 1) PTHR15315:SF31 - C3HC4 TYPE RING FINGER PROTEIN
Migut.11G065900,MgIM767.11G065200,1:1,out,AT1G67710,(1 of 1) PTHR43874:SF137 - TWO-COMPONENT RESPONSE REGULATOR ARR11
Migut.11G066000,MgIM767.11G065300,1:1,out,AT3G26050,(1 of 1) PTHR47067:SF21 - TPX2 (TARGETING PROTEIN FOR XKLP2) PROTEIN FAMILY
x,MgIM767.11G065400,IM767+,out,AT5G14340,(1 of 1) PTHR47999:SF68 - MYB DOMAIN PROTEIN 40
Migut.11G066100,MgIM767.11G065500,1:1,out,AT1G67700,"(1 of 1) PTHR48191:SF2 - PROTEIN HHL1, CHLOROPLASTIC"
Migut.11G066200,MgIM767.11G065600,1:1,out,AT5G14310,(1 of 1) PTHR23024:SF455 - CARBOXYLESTERASE 16-RELATED
Migut.11G066300,MgIM767.11G065700,1:1,out,AT1G13460,(1 of 1) PTHR10257:SF73 - SERINE_THREONINE PROTEIN PHOSPHATASE 2A 57 KDA REGULATORY SUBUNIT B' THETA ISOFORM
Migut.11G066400,MgIM767.11G065800,1:1,out,AT1G19920,(1 of 1) PTHR11055:SF37 - ATP SULFURYLASE 2
Migut.11G066500,MgIM767.11G065900,1:1,out,AT1G67690,(1 of 1) 3.4.24.16 - neurolysin. / neurotensin endopeptidase.
Migut.11G066600,MgIM767.11G066000,1:1,out,AT3G26000,(1 of 1) PTHR13382:SF22 - F-BOX PROTEIN SKIP14
Migut.11G066700,MgIM767.11G066100,1:1,out,AT1G67670,(1 of 2) PTHR33386.SF1 - F12A21.18-RELATED
Migut.11G066800,MgIM767.11G066200,1:1,out,AT1G67660,(1 of 1) PTHR46609:SF6 - YQAJ DOMAIN-CONTAINING PROTEIN
Migut.11G066900,MgIM767.11G066300,1:1,out,AT1G13450,(1 of 1) PTHR21654:SF110 - TRIHELIX TRANSCRIPTION FACTOR GT-1
Migut.11G067000,MgIM767.11G066400,1:1,out,AT3G25980,(1 of 1) K02537 - mitotic spindle assembly checkpoint protein MAD2 (MAD2)
Migut.11G067100,MgIM767.11G066500,1:1,out,AT3G13080,(1 of 2) PTHR24223:SF181 - ABC TRANSPORTER C FAMILY MEMBER 3-RELATED
Migut.11G067200,MgIM767.11G066600,1:1,out,AT3G04120,(1 of 2) PTHR10836:SF76 - GLYCERALDEHYDE-3-PHOSPHATE DEHYDROGENASE-RELATED
Migut.11G067300,MgIM767.11G066700,1:1,out,AT3G04130,(1 of 3) PTHR47932:SF44 - MIOREX COMPLEX COMPONENT 1
Migut.11G067400,MgIM767.11G066800,1:1,out,AT3G04140,(1 of 1) PTHR24126:SF43 - ANKYRIN REPEAT FAMILY PROTEIN
Migut.11G067500,MgIM767.11G066900,1:1,out,AT1G67640,(1 of 1) PTHR48017:SF250 - LYSINE HISTIDINE TRANSPORTER-LIKE 2
Migut.11G067600,MgIM767.11G067000,1:1,out,AT1G67630,(1 of 1) K02321 - DNA polymerase alpha subunit B (POLA2)
Migut.11G067700,MgIM767.11G067100,1:1,out,AT3G50160,(1 of 8) PTHR31170:SF18 - (WILD MALAYSIAN BANANA) HYPOTHETICAL PROTEIN
Migut.11G067800,MgIM767.11G067200,1:1,out,AT1G24360,(1 of 1) PTHR42879:SF2 - 3-OXOACYL-[ACYL-CARRIER-PROTEIN] REDUCTASE FABG
Migut.11G067900,MgIM767.11G067300,1:1,out,AT1G27850,"(1 of 1) PTHR31949:SF3 - PROTEIN, PUTATIVE-RELATED"
Migut.11G068000,MgIM767.11G067400,1:1,out,AT1G27880,(1 of 1) K10730 - ATP-dependent DNA helicase Q4 [EC:3.6.4.12] (RECQL4)
Migut.11G068100,MgIM767.11G067500,1:1,out,AT1G67600,(1 of 1) PTHR31446:SF39 - ACID PHOSPHATASE_VANADIUM-DEPENDENT HALOPEROXIDASE-RELATED PROTEIN
Migut.11G068200,MgIM767.11G067600,1:1,out,AT1G24340,"(1 of 1) 1.14.13.20 - 2,4-dichlorophenol 6-monooxygenase. / 2,4-dichlorophenol hydroxylase."
Migut.11G068300,MgIM767.11G067700,1:1,out,AT1G67590,(1 of 1) PTHR31471:SF52 - F12A21.28
Migut.11G068400,MgIM767.11G067800,1:1,out,AT1G67620,(1 of 1) PTHR21043:SF0 - MITOCHONDRIAL ASSEMBLY OF RIBOSOMAL LARGE SUBUNIT PROTEIN 1
Migut.11G068500,MgIM767.11G067900,1:1,out,AT1G67580,(1 of 1) PTHR24056:SF586 - CYCLIN-DEPENDENT KINASE
Migut.11G068600,MgIM767.11G068000,1:1,out,AT5G63380,(1 of 1) PTHR24096:SF251 - 4-COUMARATE--COA LIGASE-LIKE 9
Migut.11G068700,MgIM767.11G068100,1:1,out,AT1G67560,(1 of 1) PTHR11771:SF153 - LIPOXYGENASE DOMAIN-CONTAINING PROTEIN
Migut.11G068800,MgIM767.11G068200,1:1,out,AT1G67550,(1 of 1) 3.5.1.5 - urease. / urease.
Migut.11G068900,MgIM767.11G068300,1:1,out,AT5G43230,(1 of 1) PTHR31344:SF13 - EEIG1_EHBP1 PROTEIN AMINO-TERMINAL DOMAIN PROTEIN
Migut.11G069000,MgIM767.11G068400,1:1,out,AT1G67540,
Migut.11G069100,MgIM767.11G068500,1:1,out,AT1G27910,(1 of 1) PTHR23315:SF306 - U-BOX DOMAIN-CONTAINING PROTEIN 45
Migut.11G069200,MgIM767.11G068600,1:1,out,AT1G72370,(1 of 1) PTHR11489:SF30 - 40S RIBOSOMAL PROTEIN SA-1
Migut.11G069300,MgIM767.11G068700,1:1,out,AT1G67490,(1 of 2) 3.2.1.106//3.2.1.20 - mannosyl-oligosaccharide glucosidase. / processing A-glucosidase I. // alpha-glucosidase. / maltase-glucoamylase.
Migut.11G069400,MgIM767.11G068800,1:1,out,AT1G24310,"(1 of 1) K14308 - nuclear pore complex protein Nup54 (NUP54, NUP57)"
Migut.11G069500,MgIM767.11G068900,1:1,out,AT1G67480,(1 of 2) PTHR46344:SF1 - OS02G0504900 PROTEIN
x,MgIM767.11G069000,IM767+,out,AT5G67300,(1 of 1) PTHR45614:SF287 - TRANSCRIPTION FACTOR MYB44
Migut.11G069600,MgIM767.11G069100,1:1,out,AT2G22425,(1 of 1) PTHR13202:SF4 - SIGNAL PEPTIDASE COMPLEX SUBUNIT 1
Migut.11G069700,MgIM767.11G069200,1:1,out,AT1G67430,(1 of 1) PTHR11593:SF10 - 60S RIBOSOMAL PROTEIN L17
Migut.11G069800,MgIM767.11G069300,1:1,out,AT2G44300,(1 of 2) PTHR33044:SF94 - NON-SPECIFIC LIPID TRANSFER PROTEIN GPI-ANCHORED 13-RELATED
Migut.11G069900,MgIM767.11G069400,1:1,out,AT1G67410,"(1 of 27) 2.4.2.41 - xylogalacturonan beta-1,3-xylosyltransferase. / xylogalacturonan xylosyltransferase."
Migut.11G070000,MgIM767.11G069500,1:1,out,AT1G67980,(1 of 2) PTHR10509:SF34 - TAPETUM-SPECIFIC METHYLTRANSFERASE 1
Migut.11G070100,MgIM767.11G069600,1:1,out,AT1G67980,(1 of 2) PTHR10509:SF34 - TAPETUM-SPECIFIC METHYLTRANSFERASE 1
Migut.11G070200,x,IM62+,out,AT5G14150,(1 of 1) PTHR31265:SF28 - EMB|CAB87702.1
Migut.11G070300,MgIM767.11G069700,1:1,out,AT5G14150,(1 of 1) PTHR31265:SF28 - EMB|CAB87702.1
Migut.11G070400,MgIM767.11G069800,1:1,out,AT3G18485,
Migut.11G070500,MgIM767.11G069900,1:1,out,AT5G14150,(1 of 1) PTHR31265:SF28 - EMB|CAB87702.1
Migut.11G070600,MgIM767.11G070000,1:1,out,AT5G14150,(1 of 1) PTHR31265:SF28 - EMB|CAB87702.1
Migut.11G070700,MgIM767.11G070100,1:1,out,AT1G27920,(1 of 1) PTHR19321:SF3 - 65-KDA MICROTUBULE-ASSOCIATED PROTEIN 8
Migut.11G070800,MgIM767.11G070200,1:1,out,AT5G43250,"(1 of 1) PTHR10252:SF153 - NUCLEAR FACTOR Y, SUBUNIT C13"
Migut.11G070900,MgIM767.11G070300,1:1,out,AT3G27100,"(1 of 1) K11368 - enhancer of yellow 2 transcription factor (ENY2, DC6, SUS1)"
Migut.11G071000,MgIM767.11G070400,1:1,out,AT1G13710,(1 of 1) 1.14.13.190 - ferruginol synthase. / miltiradiene oxidase.
Migut.11G071100,MgIM767.11G070500,1:1,out,AT5G11860,(1 of 1) K17616 - CTD small phosphatase-like protein 2 [EC:3.1.3.-] (CTDSPL2)
Migut.11G071200,MgIM767.11G070600,1:1,out,AT1G67370,(1 of 1) PTHR48225:SF7 - MEIOSIS-SPECIFIC PROTEIN HOP1
Migut.11G071300,MgIM767.11G070700,1:1,out,AT1G67340,(1 of 1) PTHR46758:SF2 - OJ1485_B09.11 PROTEIN
Migut.11G071400,MgIM767.11G070800,1:1,out,AT3G61470,(1 of 3) K08908 - light-harvesting complex I chlorophyll a/b binding protein 2 (LHCA2)
Migut.11G071500,MgIM767.11G070900,1:1,out,AT5G43260,(1 of 1) PTHR34687:SF1 - CHAPERONE PROTEIN DNAJ-LIKE PROTEIN
Migut.11G071600,MgIM767.11G071000,1:1,out,AT1G11780,(1 of 1) 1.14.11.33//1.14.11.51//4.2.99.18 - DNA oxidative demethylase. / alkylated DNA repair protein. // DNA N(6)-methyladenine demethylase. / DNA N(6)-methyladenine demethylase. // DNA-(apurinic or apyrimidinic site) lyase. / phage-T4 UV endonuclease.
Migut.11G071700,MgIM767.11G071100,1:1,out,AT1G27385,(1 of 1) PF04359 - Protein of unknown function (DUF493) (DUF493)
Migut.11G071800,MgIM767.11G071200,1:1,out,AT5G51920,(1 of 1) PTHR14237:SF88 - PYRIDOXAL PHOSPHATE (PLP)-DEPENDENT TRANSFERASES SUPERFAMILY PROTEIN
Migut.11G071900,MgIM767.11G071300,1:1,out,AT1G27930,(1 of 1) PTHR31444:SF51 - POLYSACCHARIDE BIOSYNTHESIS DOMAIN-CONTAINING PROTEIN
Migut.11G072000,MgIM767.11G071400,1:1,out,AT1G27950,(1 of 1) PTHR33044:SF118 - NON-SPECIFIC LIPID TRANSFER PROTEIN GPI-ANCHORED 1
Migut.11G072100,MgIM767.11G071500,1:1,out,AT1G67325,(1 of 2) PTHR12999:SF17 - ZINC FINGER RAN-BINDING DOMAIN-CONTAINING PROTEIN 2
Migut.11G072200,MgIM767.11G071600,1:1,out,AT5G43270,(1 of 1) PTHR31251:SF74 - SQUAMOSA PROMOTER-BINDING-LIKE PROTEIN 2
Migut.11G072300,MgIM767.11G071700,1:1,out,AT1G27340,"(1 of 4) IPR001810//IPR005174//IPR011043//IPR015915//IPR036047 - F-box domain // Domain unknown function DUF295 // Galactose oxidase/kelch, beta-propeller // Kelch-type beta propeller // F-box-like domain superfamily"
Migut.11G072400,MgIM767.11G071800,1:1,out,AT1G27350,(1 of 2) PTHR15601:SF23 - STRESS ASSOCIATED ENDOPLASMIC RETICULUM PROTEIN
Migut.11G072500,MgIM767.11G071900,1:1,out,AT2G25560,(1 of 1) PTHR44137:SF67 - J DOMAIN-CONTAINING PROTEIN
Migut.11G072600,MgIM767.11G072000,1:1,out,AT1G27290,
Migut.11G072700,MgIM767.11G072100,1:1,out,AT3G30260,(1 of 2) PTHR48019:SF30 - AGAMOUS-LIKE MADS-BOX PROTEIN AGL8 HOMOLOG
Migut.11G072800,MgIM767.11G072200,1:1,out,AT3G30260,(1 of 2) PTHR48019:SF30 - AGAMOUS-LIKE MADS-BOX PROTEIN AGL8 HOMOLOG
Migut.11G072900,MgIM767.11G072300,1:1,out,AT3G30260,(1 of 2) PTHR48019:SF30 - AGAMOUS-LIKE MADS-BOX PROTEIN AGL8 HOMOLOG
Migut.11G073000,MgIM767.11G072400,1:1,out,AT3G30260,(1 of 2) PTHR48019:SF30 - AGAMOUS-LIKE MADS-BOX PROTEIN AGL8 HOMOLOG
Migut.11G073100,MgIM767.11G072500,1:1,out,AT3G30260,(1 of 2) PTHR48019:SF30 - AGAMOUS-LIKE MADS-BOX PROTEIN AGL8 HOMOLOG
Migut.11G073200,MgIM767.11G072600,1:1,out,AT3G30260,(1 of 2) PTHR48019:SF30 - AGAMOUS-LIKE MADS-BOX PROTEIN AGL8 HOMOLOG
Migut.11G073300,MgIM767.11G072700,1:1,out,AT3G30260,(1 of 2) PTHR48019:SF30 - AGAMOUS-LIKE MADS-BOX PROTEIN AGL8 HOMOLOG
x,MgIM767.11G072800,IM767+,out,,
Migut.11G073400,MgIM767.11G072900,1:1,out,AT3G30260,(1 of 2) PTHR48019:SF30 - AGAMOUS-LIKE MADS-BOX PROTEIN AGL8 HOMOLOG
Migut.11G073500,MgIM767.11G073000,1:1,out,AT1G24260,(1 of 3) PTHR48019:SF29 - MADS-BOX PROTEIN 5
Migut.11G073600,MgIM767.11G073100,1:1,out,AT1G51120,(1 of 2) PTHR31140:SF80 - AP2_ERF DOMAIN-CONTAINING PROTEIN
Migut.11G073700,MgIM767.11G073200,1:1,out,AT5G50670,(1 of 2) PTHR31251:SF214 - SQUAMOSA PROMOTER-BINDING-LIKE PROTEIN 13A-RELATED
Migut.11G073800,MgIM767.11G073300,1:1,out,AT1G67320,(1 of 1) K02685 - DNA primase large subunit (PRI2)
x,MgIM767.11G073400,IM767+,out,,
Migut.11G073900,MgIM767.11G073500,1:1,out,AT1G24267,"(1 of 2) PTHR47289:SF2 - TRANSCRIPTION FACTOR, PUTATIVE (DUF1664)-RELATED"
Migut.11G074000,MgIM767.11G073600,1:1,out,AT3G30260,(1 of 2) PTHR48019:SF30 - AGAMOUS-LIKE MADS-BOX PROTEIN AGL8 HOMOLOG
Migut.11G074100,MgIM767.11G073700,1:1,out,AT3G30260,(1 of 2) PTHR48019:SF30 - AGAMOUS-LIKE MADS-BOX PROTEIN AGL8 HOMOLOG
Migut.11G074200,MgIM767.11G073800,1:1,out,AT3G30260,(1 of 2) PTHR48019:SF30 - AGAMOUS-LIKE MADS-BOX PROTEIN AGL8 HOMOLOG
Migut.11G074300,x,IM62+,out,AT1G05500,(1 of 1) PTHR10774:SF149 - SYNAPTOTAGMIN-5
Migut.11G074400,MgIM767.11G073900,1:1,out,AT3G30260,(1 of 2) PTHR48019:SF30 - AGAMOUS-LIKE MADS-BOX PROTEIN AGL8 HOMOLOG
Migut.11G074500,MgIM767.11G074000,1:1,out,AT5G13080,(1 of 1) PTHR31221:SF83 - WRKY TRANSCRIPTION FACTOR 75-RELATED
Migut.11G074600,MgIM767.11G074100,1:1,out,AT1G27980,(1 of 1) 4.1.2.27 - sphinganine-1-phosphate aldolase. / sphingosine-1-phosphate lyase.
Migut.11G074700,MgIM767.11G074200,1:1,out,AT5G14090,(1 of 1) PTHR34959:SF4 - PROTEIN LAZY 1
x,MgIM767.11G074300,IM767+,out,,
Migut.11G074800,MgIM767.11G074400,1:1,out,AT5G13090,(1 of 2) IPR036092 - Small/middle T-antigen superfamily
Migut.11G074900,MgIM767.11G074500,1:1,out,AT1G27990,
Migut.11G075000,MgIM767.11G074600,1:1,out,AT3G02960,(1 of 1) PTHR46195:SF17 - HEAVY METAL-ASSOCIATED ISOPRENYLATED PLANT PROTEIN 8
Migut.11G075100,MgIM767.11G074700,1:1,out,AT4G34560,(1 of 1) PTHR33640:SF8 - TRANSMEMBRANE PROTEIN
Migut.11G075200,MgIM767.11G074800,1:1,out,AT5G13110,"(1 of 1) PTHR23429:SF11 - GLUCOSE-6-PHOSPHATE 1-DEHYDROGENASE 2, CHLOROPLASTIC"
Migut.11G075300,MgIM767.11G074900,1:1,out,AT1G69040,(1 of 1) PTHR31096:SF22 - ACR6
Migut.11G075400,MgIM767.11G075000,1:1,out,AT5G13120,"(1 of 4) K03768 - peptidyl-prolyl cis-trans isomerase B (cyclophilin B) [EC:5.2.1.8] (PPIB, ppiB)"
Migut.11G075500,MgIM767.11G075100,1:1,out,AT2G35450,(1 of 1) 3.1.1.92 - 4-sulfomuconolactone hydrolase. / 4-sulfomuconolactone hydrolase.
Migut.11G075600,MgIM767.11G075200,1:1,out,AT1G27430,(1 of 2) PTHR46992:SF4 - GYF DOMAIN-CONTAINING PROTEIN
Migut.11G075700,MgIM767.11G075300,1:1,out,AT1G12060,"(1 of 1) PTHR33322:SF8 - BAG FAMILY MOLECULAR CHAPERONE REGULATOR 5, MITOCHONDRIAL"
Migut.11G075800,MgIM767.11G075400,1:1,out,,(1 of 1) 3.5.4.31 - S-methyl-5'-thioadenosine deaminase. / MTA deaminase
Migut.11G075900,MgIM767.11G075500,1:1,out,AT4G24970,(1 of 1) PTHR23336:SF67 - PROTEIN MICRORCHIDIA 7
Migut.11G076000,MgIM767.11G075600,1:1,out,AT1G26830,(1 of 2) K03869 - cullin 3 (CUL3)
Migut.11G076100,MgIM767.11G075700,1:1,out,AT3G02000,(1 of 1) PTHR10168:SF128 - GLUTAREDOXIN-C7
Migut.11G076200,MgIM767.11G075800,1:1,out,AT5G13150,(1 of 1) PTHR12542:SF127 - EXOCYST SUBUNIT EXO70 FAMILY PROTEIN
Migut.11G076300,MgIM767.11G075900,1:1,out,AT5G13160,(1 of 1) K13430 - serine/threonine-protein kinase PBS1 (PBS1)
x,MgIM767.11G076000,IM767+,out,AT2G06090,(1 of 4) PTHR31232:SF135 - S-PROTEIN HOMOLOG-RELATED
Migut.11G076400,MgIM767.11G076100,1:1,out,AT1G04645,(1 of 1) PTHR31232:SF133 - S-PROTEIN HOMOLOG 5
Migut.11G076500,MgIM767.11G076200,1:1,out,AT5G13180,(1 of 4) PTHR31719:SF130 - NAC DOMAIN CONTAINING PROTEIN 84
Migut.11G076600,MgIM767.11G076300,1:1,out,AT1G27435,(1 of 1) PTHR37703:SF2 - RIBOSOMAL PROTEIN L31-RELATED
Migut.11G076700,MgIM767.11G076400,1:1,out,AT5G50850,"(1 of 3) K00162 - pyruvate dehydrogenase E1 component beta subunit (PDHB, pdhB)"
Migut.11G076800,MgIM767.11G076500,1:1,out,AT2G33490,(1 of 1) PTHR34119:SF24 - BAR DOMAIN-CONTAINING PROTEIN
Migut.11G076900,MgIM767.11G076600,1:1,out,AT1G04645,(1 of 1) PTHR31232:SF133 - S-PROTEIN HOMOLOG 5
x,MgIM767.11G076700,IM767+,out,AT1G04645,(1 of 1) PTHR31232:SF133 - S-PROTEIN HOMOLOG 5
Migut.11G077000,MgIM767.11G076800,1:1,out,AT5G13170,(1 of 1) PTHR10791:SF222 - BIDIRECTIONAL SUGAR TRANSPORTER SWEET15
Migut.11G077100,MgIM767.11G076900,1:1,out,AT1G74160,(1 of 1) PTHR31680:SF4 - PROTEIN LONGIFOLIA 1-RELATED
Migut.11G077200,MgIM767.11G077000,1:1,out,AT1G28050,(1 of 2) PTHR31717:SF45 - ZINC FINGER PROTEIN CONSTANS-LIKE 14-RELATED
Migut.11G077300,MgIM767.11G077100,1:1,out,AT1G22130,(1 of 3) PTHR48019:SF213 - AGAMOUS-LIKE MADS-BOX PROTEIN AGL104
Migut.11G077400,MgIM767.11G077200,1:1,out,AT5G13190,(1 of 1) PTHR23292:SF6 - CELL DEATH-INDUCING P53-TARGET PROTEIN 1 HOMOLOG
x,MgIM767.11G077300,IM767+,out,AT4G20670,(1 of 20) PTHR32411:SF73 - CYSTEINE-RICH REPEAT SECRETORY PROTEIN 26-RELATED
Migut.11G077500,x,IM62+,out,AT4G29090,"(1 of 4) PTHR47074:SF69 - POLYNUCLEOTIDYL TRANSFERASE, RIBONUCLEASE H-LIKE SUPERFAMILY PROTEIN"
x,MgIM767.11G077400,IM767+,out,,
x,MgIM767.11G077500,IM767+,out,,
x,MgIM767.11G077600,IM767+,out,AT4G23280,(1 of 4) PTHR27002:SF997 - CYSTEINE-RICH RECEPTOR-LIKE PROTEIN KINASE 19-RELATED
x,MgIM767.11G077700,IM767+,out,,
x,MgIM767.11G077800,IM767+,out,AT4G20670,(1 of 20) PTHR32411:SF73 - CYSTEINE-RICH REPEAT SECRETORY PROTEIN 26-RELATED
x,MgIM767.11G077900,IM767+,out,AT1G04645,(1 of 1) PTHR31232:SF133 - S-PROTEIN HOMOLOG 5
Migut.11G077600,MgIM767.11G078000,1:1,out,AT2G33510,(1 of 2) PTHR14791:SF29 - PROTEIN KIBRA
Migut.11G077700,MgIM767.11G078100,1:1,out,AT5G13200,(1 of 1) PTHR31969:SF3 - GEM-LIKE PROTEIN 5
Migut.11G077800,x,IM62+,out,AT5G13220,(1 of 1) PTHR33077:SF5 - PROTEIN TIFY 3A-RELATED
Migut.11G077900,MgIM767.11G078200,1:1,out,AT5G13250,(1 of 1) PTHR47290:SF4 - RING FINGER PROTEIN
Migut.11G078000,MgIM767.11G078300,1:1,out,AT3G48800,(1 of 2) PTHR10627:SF69 - PROTEIN BICAUDAL C
Migut.11G078100,MgIM767.11G078400,1:1,out,AT1G03470,(1 of 3) PTHR32258:SF28 - OS07G0666600 PROTEIN
Migut.11G078200,MgIM767.11G078500,1:1,out,AT3G48860,(1 of 1) PTHR31762:SF4 - EXPRESSED PROTEIN
Migut.11G078300,MgIM767.11G078600,1:1,out,AT1G28110,(1 of 1) PTHR11802:SF435 - SERINE CARBOXYPEPTIDASE-LIKE 45
Migut.11G078400,MgIM767.11G078700,1:1,out,AT1G28100,(1 of 1) IPR023375 - Acetoacetate decarboxylase beta barrel domain
Migut.11G078500,MgIM767.11G078900,1:1,out,AT1G28100,(1 of 1) IPR023375 - Acetoacetate decarboxylase beta barrel domain
Migut.11G078600,MgIM767.11G078800,1:1,out,AT1G28100,(1 of 1) IPR023375 - Acetoacetate decarboxylase beta barrel domain
Migut.11G078700,MgIM767.11G079000,1:1,out,AT1G28100,(1 of 1) IPR023375 - Acetoacetate decarboxylase beta barrel domain
Migut.11G078800,MgIM767.11G079100,1:1,out,AT1G28100,(1 of 1) IPR023375 - Acetoacetate decarboxylase beta barrel domain
Migut.11G078900,MgIM767.11G079200,1:1,out,AT1G28100,(1 of 1) IPR023375 - Acetoacetate decarboxylase beta barrel domain
Migut.11G079000,MgIM767.11G079300,1:1,out,AT5G13270,(1 of 16) PF01535//PF13041//PF14432//PF20430//PF20431 - PPR repeat (PPR) // PPR repeat family (PPR_2) // DYW family of nucleic acid deaminases (DYW_deaminase) // E+ motif (Eplus_motif) // E motif (E_motif)
Migut.11G079100,MgIM767.11G079400,1:1,out,AT1G29930,(1 of 5) K08912 - light-harvesting complex II chlorophyll a/b binding protein 1 (LHCB1)
Migut.11G079200,MgIM767.11G079500,1:1,out,AT5G13280,"(1 of 1) PTHR21499:SF58 - ASPARTOKINASE 1, CHLOROPLASTIC"
Migut.11G079300,MgIM767.11G079600,1:1,out,AT3G23255,(1 of 1) PTHR28653:SF1 - ATPASE SWSAP1
Migut.11G079400,MgIM767.11G079700,1:1,out,AT5G13290,(1 of 1) KOG0580//KOG1187 - Serine/threonine protein kinase // Serine/threonine protein kinase
Migut.11G079500/Migut.11G079600,MgIM767.11G079800,1:1,out,AT5G13300,(1 of 1) PTHR23180:SF160 - PROTEIN W09D10.1
Migut.11G079700,MgIM767.11G079900,1:1,out,AT4G16330,(1 of 1) PTHR47991:SF234 - FE2OG DIOXYGENASE DOMAIN-CONTAINING PROTEIN
Migut.11G079800,MgIM767.11G080000,1:1,out,AT2G33550,(1 of 1) PTHR47211:SF2 - TRIHELIX TRANSCRIPTION FACTOR ASR3
Migut.11G079900,MgIM767.11G080100,1:1,out,AT1G17100,(1 of 2) PTHR11220:SF25 - F3F9.4
Migut.11G080000,MgIM767.11G080200,1:1,out,AT5G07290,(1 of 1) PTHR23189:SF124 - PROTEIN MEI2-LIKE 4
Migut.11G080100,MgIM767.11G080300,1:1,out,AT1G28120,(1 of 1) K09602 - ubiquitin thioesterase protein OTUB1 [EC:3.4.19.12] (OTUB1)
Migut.11G080200,MgIM767.11G080400,1:1,out,AT5G13330,(1 of 1) PTHR31190:SF385 - ETHYLENE-RESPONSIVE TRANSCRIPTION FACTOR ERF113
Migut.11G080300,MgIM767.11G080500,1:1,out,AT1G28140,(1 of 1) PTHR36716:SF2 - F3H9.20 PROTEIN
Migut.11G080400,MgIM767.11G080600,1:1,out,AT1G57820,"(1 of 1) IPR001841//IPR001965//IPR003105//IPR011011//IPR013083//IPR015947//IPR019787//IPR027370//IPR036987 - Zinc finger, RING-type // Zinc finger, PHD-type // SRA-YDG // Zinc finger, FYVE/PHD-type // Zinc finger, RING/FYVE/PHD-type // PUA-like domain // Zinc finger, PHD-finger // RING-type zinc-finger, LisH dimerisation motif // SRA-YDG superfamily"
Migut.11G080500,MgIM767.11G080700,1:1,out,AT5G13440,(1 of 2) 1.10.2.2 - quinol--cytochrome-c reductase. / ubiquinone--cytochrome-c oxidoreductase.
Migut.11G080600,MgIM767.11G080800,1:1,out,AT1G01630,"(1 of 1) PTHR46277:SF3 - BINDING PROTEIN, PUTATIVE-RELATED"
Migut.11G080700,x,IM62+,hap,,
Migut.11G080800,MgIM767.11G080900,1:1,hap,AT1G27440,"(1 of 1) PTHR11062:SF339 - BETA-1,4-XYLOSYLTRANSFERASE IRX10-RELATED"
Migut.11G080900,MgIM767.11G081000,1:1,hap,AT3G46730,(1 of 3) PTHR23155:SF1193 - DISEASE RESISTANCE PROTEIN RPP13-RELATED
Migut.11G081000,MgIM767.11G081100,1:1,hap,AT5G13420,(1 of 1) PTHR10683:SF31 - TRANSALDOLASE
Migut.11G081100,MgIM767.11G081200,1:1,hap,AT5G13410,"(1 of 1) PTHR47717:SF1 - PEPTIDYL-PROLYL CIS-TRANS ISOMERASE FKBP19, CHLOROPLASTIC"
Migut.11G081200,MgIM767.11G081300,1:1,hap,AT1G11680,(1 of 1) 1.14.13.70 - sterol 14alpha-demethylase. / obtusufoliol 14-demethylase.
Migut.11G081300,MgIM767.11G081400,1:1,hap,AT5G13400,(1 of 1) PTHR11654:SF112 - PROTEIN NRT1/ PTR FAMILY 6.1
Migut.11G081400,MgIM767.11G081500,1:1,hap,AT4G14100,
Migut.11G081500,MgIM767.11G081600,1:1,hap,AT5G13390,(1 of 1) PTHR35313:SF1 - NO EXINE FORMATION 1
x,MgIM767.11G081700,IM767+,hap,,
x,MgIM767.11G081800,IM767+,hap,AT4G16580,(1 of 1) PTHR12320:SF83 - PROTEIN PHOSPHATASE 2C 55-RELATED
Migut.11G081600,MgIM767.11G081900,1:1,hap,AT1G21970,(1 of 1) PTHR11064:SF115 - NUCLEAR TRANSCRIPTION FACTOR Y SUBUNIT B-9
Migut.11G081700,MgIM767.11G082000,1:1,hap,,
Migut.11G081800,MgIM767.11G082100,1:1,hap,AT5G54450,(1 of 17) PTHR44259:SF89 - DUF295 DOMAIN-CONTAINING PROTEIN-RELATED
Migut.11G081900,MgIM767.11G082200,1:1,hap,AT1G21970,(1 of 1) PTHR11064:SF115 - NUCLEAR TRANSCRIPTION FACTOR Y SUBUNIT B-9
Migut.11G082000,MgIM767.11G082300,1:1,hap,AT5G13910,(1 of 1) PTHR31677:SF233 - ETHYLENE-RESPONSIVE TRANSCRIPTION FACTOR LEP
Migut.11G082100,MgIM767.11G082400,1:1,hap,AT3G12280,(1 of 1) K04681 - retinoblastoma-like protein 1 (RBL1)
Migut.11G082200,MgIM767.11G082500,1:1,hap,AT1G63060,(1 of 1) PTHR33919:SF9 - RIBOSOME BIOGENESIS NEP1-LIKE PROTEIN
Migut.11G082300,MgIM767.11G082600,1:1,hap,AT1G60170,(1 of 1) K12844 - U4/U6 small nuclear ribonucleoprotein PRP31 (PRPF31)
Migut.11G082400,MgIM767.11G082700,1:1,hap,AT4G13420,(1 of 1) PTHR30540:SF94 - POTASSIUM TRANSPORTER 5
Migut.11G082500,MgIM767.11G082800,1:1,hap,AT3G26935,(1 of 1) PTHR22883:SF438 - PROTEIN S-ACYLTRANSFERASE 7-RELATED
Migut.11G082600,MgIM767.11G082900,1:1,hap,,
x,MgIM767.11G083000,IM767+,hap,AT5G47920,(1 of 1) PTHR33450:SF31 - EMB|CAB67623.1
Migut.11G082700,MgIM767.11G083100,1:1,hap,,
Migut.11G082800,x,IM62+,hap,,
x,MgIM767.11G083200,IM767+,hap,,
Migut.11G082900,MgIM767.11G083300,1:1,hap,AT5G47920,(1 of 1) PTHR33450:SF31 - EMB|CAB67623.1
Migut.11G083000,MgIM767.11G083400,1:1,hap,AT1G44900,(1 of 1) K02540 - DNA replication licensing factor MCM2 (MCM2)
Migut.11G083100,MgIM767.11G083500,1:1,hap,AT1G28190,(1 of 1) PTHR33052:SF91 - F3H9.15 PROTEIN
Migut.11G083200,MgIM767.11G083600,1:1,hap,AT1G44960,(1 of 1) PTHR47699:SF1 - SNARE ASSOCIATED GOLGI PROTEIN FAMILY
Migut.11G083300,x,IM62+,hap,AT4G23730,(1 of 1) PTHR11122:SF31 - GLUCOSE-6-PHOSPHATE 1-EPIMERASE
Migut.11G083400,MgIM767.11G083700,1:1,hap,AT1G67720,(1 of 1) PTHR45631:SF19 - PROTEIN KINASE DOMAIN-CONTAINING PROTEIN
Migut.11G083500,x,IM62+,hap,,
Migut.11G083600,MgIM767.11G083800,1:1,hap,AT1G31260,(1 of 1) PTHR11040:SF48 - ZINC TRANSPORTER 10-RELATED
Migut.11G083700,MgIM767.11G083900,1:1,hap,AT4G19690,(1 of 1) PTHR11040:SF159 - FE(2+) TRANSPORT PROTEIN 1
Migut.11G083800,x,IM62+,hap,,
Migut.11G083900,MgIM767.11G084000,1:1,hap,AT1G67720,(1 of 1) PTHR45631:SF19 - PROTEIN KINASE DOMAIN-CONTAINING PROTEIN
Migut.11G084000,MgIM767.11G084100,1:1,hap,AT5G47860,(1 of 2) PF07082 - Protein of unknown function (DUF1350) (DUF1350)
Migut.11G084100,MgIM767.11G084200,1:1,hap,AT3G51980,"(1 of 1) K14001 - nucleotide exchange factor SIL1 (SIL1, SLS1)"
Migut.11G084200,MgIM767.11G084300,1:1,hap,AT5G47900,(1 of 2) 2.3.1.78 - heparan-alpha-glucosaminide N-acetyltransferase. / heparan-alpha-glucosaminide N-acetyltransferase.
Migut.11G084300,x,IM62+,hap-EDG,AT3G21180,"(1 of 1) PTHR24093:SF520 - CALCIUM-TRANSPORTING ATPASE 9, PLASMA MEMBRANE-TYPE"
Migut.11G084400,x,IM62+,hap-EDG,AT5G25220,(1 of 1) PTHR11850:SF323 - HOMEOBOX PROTEIN KNOTTED-1-LIKE 3
Migut.11G084500,x,IM62+,hap-EDG,AT5G51350,(1 of 2) PTHR48056:SF25 - PROTEIN KINASE DOMAIN-CONTAINING PROTEIN
Migut.11G084600,x,IM62+,hap-EDG,AT5G51350,(1 of 2) PTHR48056:SF25 - PROTEIN KINASE DOMAIN-CONTAINING PROTEIN
Migut.11G084700,x,IM62+,hap-EDG,AT5G25220,(1 of 1) PTHR11850:SF323 - HOMEOBOX PROTEIN KNOTTED-1-LIKE 3
Migut.11G084800,x,IM62+,hap-EDG,AT4G29900,"(1 of 1) PTHR24093:SF529 - CALCIUM-TRANSPORTING ATPASE 10, PLASMA MEMBRANE-TYPE"
Migut.11G084900,x,IM62+,hap-EDG,AT5G25220,(1 of 1) PTHR11850:SF323 - HOMEOBOX PROTEIN KNOTTED-1-LIKE 3
Migut.11G085000,x,IM62+,hap-EDG,AT5G35330,(1 of 2) PTHR12396:SF0 - LD22928P
Migut.11G085100,x,IM62+,hap-EDG,AT1G51290,(1 of 8) PTHR47993:SF181 - F-BOX ONLY PROTEIN 10-RELATED
Migut.11G085200,x,IM62+,hap-EDG,AT3G57680,"(1 of 2) PTHR32060:SF22 - CARBOXYL-TERMINAL-PROCESSING PEPTIDASE 2, CHLOROPLASTIC-RELATED"
Migut.11G085300,x,IM62+,hap-EDG,,
Migut.11G085400,x,IM62+,hap-EDG,AT4G35733,(1 of 9) PTHR47123:SF6 - F-BOX PROTEIN
Migut.11G086100,x,IM62+,hap-EDG,AT2G26430,(1 of 1) KOG0835 - Cyclin L
Migut.11G085500,x,IM62+,hap-EDG,AT5G47770,"(1 of 2) 2.5.1.1//2.5.1.10 - dimethylallyltranstransferase. / prenyltransferase. // (2E,6E)-farnesyl diphosphate synthase. / geranyltranstransferase."
Migut.11G086200,x,IM62+,hap-EDG,AT5G27240,(1 of 1) PTHR45089:SF25 - DNAJ HEAT SHOCK N-TERMINAL DOMAIN-CONTAINING PROTEIN
Migut.11G085600,x,IM62+,hap-EDG,AT3G27110,"(1 of 1) PTHR10120:SF26 - PLASTOGLOBULE-LOCALIZED METALLOPEPTIDASE 48, CHLOROPLASTIC"
Migut.11G086300,x,IM62+,hap-EDG,AT2G19450,(1 of 1) K11155 - diacylglycerol O-acyltransferase 1 (DGAT1)
Migut.11G085700,x,IM62+,hap-EDG,AT3G46920,(1 of 1) PTHR23257:SF797 - KINASE SUPERFAMILY WITH OCTICOSAPEPTIDE_PHOX_BEM1P DOMAIN-CONTAINING PROTEIN
Migut.11G086400,x,IM62+,hap-EDG,AT5G65430,(1 of 1) PTHR18860:SF145 - 14-3-3-LIKE PROTEIN GF14 KAPPA
Migut.11G085800,x,IM62+,hap-EDG,,
Migut.11G086500,x,IM62+,hap-EDG,AT4G26840,(1 of 1) PTHR10562:SF134 - SMALL UBIQUITIN-RELATED MODIFIER 1
Migut.11G085900,x,IM62+,hap-EDG,AT3G21180,"(1 of 1) PTHR24093:SF520 - CALCIUM-TRANSPORTING ATPASE 9, PLASMA MEMBRANE-TYPE"
Migut.11G086600,x,IM62+,hap-EDG,AT4G24610,
Migut.11G086000,x,IM62+,hap-EDG,AT3G46920,(1 of 1) PTHR23257:SF797 - KINASE SUPERFAMILY WITH OCTICOSAPEPTIDE_PHOX_BEM1P DOMAIN-CONTAINING PROTEIN
Migut.11G086700,x,IM62+,hap-EDG,AT5G65430,(1 of 1) PTHR18860:SF145 - 14-3-3-LIKE PROTEIN GF14 KAPPA
Migut.11G086800,x,IM62+,hap-EDG,AT4G26840,(1 of 1) PTHR10562:SF134 - SMALL UBIQUITIN-RELATED MODIFIER 1
Migut.11G086900,x,IM62+,hap-EDG,AT5G65430,(1 of 1) PTHR18860:SF145 - 14-3-3-LIKE PROTEIN GF14 KAPPA
Migut.11G087000,x,IM62+,hap-EDG,AT4G26840,(1 of 1) PTHR10562:SF134 - SMALL UBIQUITIN-RELATED MODIFIER 1
Migut.11G087100,x,IM62+,hap-EDG,AT5G65430,(1 of 1) PTHR18860:SF145 - 14-3-3-LIKE PROTEIN GF14 KAPPA
Migut.11G087200,x,IM62+,hap-EDG,AT4G26840,(1 of 1) PTHR10562:SF134 - SMALL UBIQUITIN-RELATED MODIFIER 1
Migut.11G087300,x,IM62+,hap-EDG,AT3G49000,"(1 of 1) K03023 - DNA-directed RNA polymerase III subunit RPC3 (RPC3, POLR3C)"
Migut.11G087400/Migut.11G087500,x,IM62+,hap-EDG,AT2G23360,(1 of 1) PTHR31580:SF22 - FILAMENT-LIKE PLANT PROTEIN 7
Migut.11G087600,x,IM62+,hap-EDG,AT4G23160,(1 of 1) 2.7.11.1//2.7.7.49 - non-specific serine/threonine protein kinase. / threonine-specific protein kinase. // RNA-directed DNA polymerase. / revertase.
Migut.11G087700,x,IM62+,hap-EDG,AT3G07610,"(1 of 1) IPR003347//IPR009030 - JmjC domain // Insulin-like growth factor binding protein, N-terminal"
Migut.11G087800,x,IM62+,hap-EDG,AT1G78000,(1 of 1) PTHR11814:SF207 - SULFATE TRANSPORTER 1.2
Migut.11G087900,MgIM767.11G084400,1:1,hap-EDG,AT3G50120,(1 of 8) PTHR31170:SF18 - (WILD MALAYSIAN BANANA) HYPOTHETICAL PROTEIN
Migut.11G088000,MgIM767.11G084500,1:1,hap-EDG,AT5G13870,(1 of 1) PTHR31062:SF311 - XYLOGLUCAN ENDOTRANSGLUCOSYLASE_HYDROLASE PROTEIN 5-RELATED
Migut.11G088100,MgIM767.11G084600,1:1,hap-EDG,AT1G76800,(1 of 1) PTHR31851:SF87 - FE(2+)_MN(2+) TRANSPORTER PCL1
Migut.11G088200,MgIM767.11G084700,1:1,hap-EDG,AT3G51510,
Migut.11G088300,x,IM62+,hap-EDG,AT3G55510,(1 of 1) PTHR12687:SF8 - NOC2P FAMILY PROTEIN
Migut.11G088400,x,IM62+,hap-EDG,AT4G30230,
Migut.11G088500,x,IM62+,hap-EDG,AT2G35790,"(1 of 1) PTHR13281:SF0 - TRANSMEMBRANE PROTEIN 70, MITOCHONDRIAL"
Migut.11G088600,MgIM767.11G084800,1:1,hap-EDG,AT1G21530,(1 of 2) PTHR43859:SF28 - ACYL-ACTIVATING ENZYME 10-RELATED
Migut.11G088700,x,IM62+,inv11a&b,AT2G17080,(1 of 5) PTHR33070:SF115 - T23E18.15
Migut.11G088800,MgIM767.11G104800,1:1,inv11a&b,AT3G50620,(1 of 1) PTHR32175:SF20 - SULFOTRANSFERASE
Migut.11G088900,MgIM767.11G104900,1:1,inv11a&b,AT3G50530,"(1 of 1) IPR000719//IPR001245//IPR011009//IPR011992//IPR020635 - Protein kinase domain // Serine-threonine/tyrosine-protein kinase catalytic domain // Protein kinase-like domain // EF-hand domain pair // Tyrosine-protein kinase, catalytic domain"
Migut.11G089000,MgIM767.11G105000,1:1,inv11a&b,AT2G26560,(1 of 1) PTHR32176:SF92 - PATATIN-LIKE PROTEIN 2
Migut.11G089100,MgIM767.11G105100,1:1,inv11a&b,,
Migut.11G089200,MgIM767.11G105200,1:1,inv11a&b,,
x,MgIM767.11G105300,IM767+,inv11a&b,,(1 of 1) PTHR32089:SF92 - LYSOZYME-LIKE PROTEIN-RELATED
x,MgIM767.11G105400,IM767+,inv11a&b,,
x,MgIM767.11G105500,IM767+,inv11a&b,,
Migut.11G089300,MgIM767.11G105600,1:1,inv11a&b,,
Migut.11G089400,MgIM767.11G105700,1:1,inv11a&b,AT5G66850,(1 of 1) PTHR48016:SF5 - MITOGEN-ACTIVATED PROTEIN KINASE KINASE KINASE 5
Migut.11G089500,MgIM767.11G105800,1:1,inv11a&b,AT5G66860,"(1 of 2) K02897 - large subunit ribosomal protein L25 (RP-L25, rplY)"
Migut.11G089600,MgIM767.11G105900,1:1,inv11a&b,AT2G23660,(1 of 1) PTHR31301:SF115 - LOB DOMAIN-CONTAINING PROTEIN 10
Migut.11G089700,MgIM767.11G106000,1:1,inv11a&b,AT4G37180,(1 of 1) PTHR31003:SF22 - TRANSCRIPTION FACTOR HHO5
Migut.11G089800,MgIM767.11G106100,1:1,inv11a&b,AT4G33950,(1 of 1) PTHR24343:SF509 - SERINE_THREONINE-PROTEIN KINASE SRK2E
Migut.11G089900,MgIM767.11G106200,1:1,inv11a&b,AT4G37170,(1 of 44) PF01535//PF13041//PF14432//PF20431 - PPR repeat (PPR) // PPR repeat family (PPR_2) // DYW family of nucleic acid deaminases (DYW_deaminase) // E motif (E_motif)
Migut.11G090000,MgIM767.11G106300,1:1,inv11a&b,AT5G66920,(1 of 19) 1.10.3.3 - L-ascorbate oxidase. / ascorbase.
Migut.11G090100,MgIM767.11G106400,1:1,inv11a&b,AT3G50440,(1 of 1) PTHR10992:SF943 - METHYLESTERASE 10
Migut.11G090200,x,IM62+,inv11a&b,AT3G18080,(1 of 1) PTHR10353:SF28 - BETA-GLUCOSIDASE 43-RELATED
Migut.11G090300,MgIM767.11G106500,1:1,inv11a&b,AT3G50410,(1 of 1) PTHR31992:SF287 - DOF ZINC FINGER PROTEIN DOF3.4
Migut.11G090400,MgIM767.11G106600,1:1,inv11a&b,AT2G23540,(1 of 1) PTHR45648:SF1 - SGNH_HYDRO DOMAIN-CONTAINING PROTEIN
Migut.11G090500,MgIM767.11G106700,1:1,inv11a&b,AT2G23520,(1 of 8) 2.8.1.9 - molybdenum cofactor sulfurtransferase. / molybdenum cofactor sulfurase.
Migut.11G090600,MgIM767.11G106800,1:1,inv11a&b,AT2G23470,(1 of 1) PTHR12770:SF31 - RUS FAMILY MEMBER 1
Migut.11G090700,MgIM767.11G106900,1:1,inv11a&b,AT4G34380,(1 of 1) PTHR22844:SF370 - OS03G0625300 PROTEIN
Migut.11G090800,MgIM767.11G107000,1:1,inv11a&b,AT4G37090,"(1 of 1) PTHR36387:SF2 - UDP-N-ACETYLMURAMOYL-L-ALANYL-D-GLUTAMATE-2, 6-DIAMINOPIMELATE LIGASE"
Migut.11G090900,MgIM767.11G107100,1:1,inv11a&b,AT2G23450,(1 of 2) PTHR46008:SF57 - PROTEIN KINASE DOMAIN-CONTAINING PROTEIN
Migut.11G091000,MgIM767.11G107200,1:1,inv11a&b,AT4G37200,"(1 of 1) PTHR47353:SF1 - THIOREDOXIN-LIKE PROTEIN HCF164, CHLOROPLASTIC"
Migut.11G091100,MgIM767.11G107300,1:1,inv11a&b,,
Migut.11G091200,MgIM767.11G107400,1:1,inv11a&b,AT4G37210,(1 of 1) PTHR15081:SF1 - NUCLEAR AUTOANTIGENIC SPERM PROTEIN
Migut.11G091300,MgIM767.11G107500,1:1,inv11a&b,AT1G49405,(1 of 1) PTHR32021:SF32 - CASP-LIKE PROTEIN 5C3
Migut.11G091400,MgIM767.11G107600,1:1,inv11a&b,AT2G22410,(1 of 32) PTHR47928:SF190 - OS04G0110500 PROTEIN
x,MgIM767.11G107700,IM767+,inv11a&b,AT5G46710,(1 of 2) PTHR31065:SF54 - PLATZ TRANSCRIPTION FACTOR FAMILY PROTEIN
Migut.11G091500,MgIM767.11G107800,1:1,inv11a&b,AT2G23755,(1 of 1) PTHR34262:SF1 - TRANSMEMBRANE PROTEIN 220
Migut.11G091600,MgIM767.11G107900,1:1,inv11a&b,AT3G50780,(1 of 102) IPR011333 - POZ domain
Migut.11G091700,MgIM767.11G108000,1:1,inv11a&b,AT4G36860,(1 of 1) PTHR24209:SF25 - PROTEIN DA1-RELATED 1
Migut.11G091800,MgIM767.11G108100,1:1,inv11a&b,AT5G66631,(1 of 1) PTHR47913:SF1 - OS01G0167750 PROTEIN
Migut.11G091900,MgIM767.11G108200,1:1,inv11a&b,AT2G33580,(1 of 1) PTHR45927:SF6 - PROTEIN LYK5
Migut.11G092000,MgIM767.11G108300,1:1,inv11a&b,AT1G19690,"(1 of 1) 4.2.1.46 - dTDP-glucose 4,6-dehydratase. / dTDP-glucose 4,6-dehydratase."
Migut.11G092100,MgIM767.11G108400,1:1,inv11a&b,AT2G23780,(1 of 1) PTHR12313:SF47 - RING-TYPE E3 UBIQUITIN TRANSFERASE
Migut.11G092200,MgIM767.11G108500,1:1,inv11a&b,AT2G23790,"(1 of 1) PTHR13462:SF34 - CALCIUM UNIPORTER PROTEIN 2, MITOCHONDRIAL"
Migut.11G092300,MgIM767.11G108600,1:1,inv11a&b,AT4G34320,(1 of 16) PF05055 - Protein of unknown function (DUF677) (DUF677)
Migut.11G092400,x,IM62+,inv11a&b,AT1G13245,(1 of 3) PTHR47855:SF6 - DEVIL-LIKE PROTEIN
Migut.11G092500,MgIM767.11G108700,1:1,inv11a&b,AT1G67260,(1 of 1) PTHR31072:SF215 - TRANSCRIPTION FACTOR TCP1
Migut.11G092600,MgIM767.11G108800,1:1,inv11a&b,AT5G38650,"(1 of 2) K11599 - proteasome maturation protein (POMP, UMP1)"
Migut.11G092700,MgIM767.11G108900,1:1,inv11a&b,,
x,MgIM767.11G109000,IM767+,inv11a&b,,
Migut.11G092800,MgIM767.11G109100,1:1,inv11a&b,AT5G38640,(1 of 3) K03680 - translation initiation factor eIF-2B subunit delta (EIF2B4)
Migut.11G092900,MgIM767.11G109200,1:1,inv11a&b,AT5G38630,(1 of 1) PTHR10106:SF0 - CYTOCHROME B ASCORBATE-DEPENDENT PROTEIN 3
Migut.11G093000,MgIM767.11G109300,1:1,inv11a&b,AT3G02420,(1 of 1) PTHR12703:SF4 - TRANSMEMBRANE PROTEIN 33
Migut.11G093100,MgIM767.11G109400,1:1,inv11a&b,AT5G38560,(1 of 1) PTHR47982:SF32 - PROTEIN KINASE DOMAIN-CONTAINING PROTEIN
Migut.11G093200,MgIM767.11G109500,1:1,inv11a&b,AT5G15900,(1 of 1) PTHR32285:SF392 - PROTEIN TRICHOME BIREFRINGENCE-LIKE 19
Migut.11G093300,MgIM767.11G109600,1:1,inv11a&b,AT5G15900,(1 of 1) PTHR32285:SF392 - PROTEIN TRICHOME BIREFRINGENCE-LIKE 19
Migut.11G093400,MgIM767.11G109700,1:1,inv11a&b,AT1G14130,(1 of 1) PTHR47990:SF81 - 2-OXOGLUTARATE (2OG) AND FE(II)-DEPENDENT OXYGENASE SUPERFAMILY PROTEIN
Migut.11G093500,MgIM767.11G109800,1:1,inv11a&b,AT1G14130,(1 of 1) PTHR47990:SF81 - 2-OXOGLUTARATE (2OG) AND FE(II)-DEPENDENT OXYGENASE SUPERFAMILY PROTEIN
Migut.11G093600,MgIM767.11G109900,1:1,inv11a&b,AT1G14130,(1 of 1) PTHR47990:SF81 - 2-OXOGLUTARATE (2OG) AND FE(II)-DEPENDENT OXYGENASE SUPERFAMILY PROTEIN
Migut.11G093700,MgIM767.11G110000,1:1,inv11a&b,AT3G30841,(1 of 2) PTHR31209:SF0 - COFACTOR-INDEPENDENT PHOSPHOGLYCERATE MUTASE
Migut.11G093800,MgIM767.11G110100,1:1,inv11a&b,AT3G30775,(1 of 2) 1.5.5.2 - proline dehydrogenase. / proline dehydrogenase.
Migut.11G093900,MgIM767.11G110200,1:1,inv11a&b,AT5G38720,(1 of 1) K14545 - ribosomal RNA-processing protein 7 (RRP7)
Migut.11G094000,MgIM767.11G110300,1:1,inv11a&b,AT5G53820,(1 of 1) PTHR34191:SF11 - ABA-INDUCIBLE PROTEIN-LIKE
x,MgIM767.11G110400,IM767+,inv11a&b,,
x,MgIM767.11G110500,IM767+,inv11a&b,AT3G18190,(1 of 1) K09496 - T-complex protein 1 subunit delta (CCT4)
x,MgIM767.11G110600,IM767+,inv11a&b,AT3G18200,(1 of 1) PTHR31218:SF156 - WAT1-RELATED PROTEIN
Migut.11G094100,MgIM767.11G110700,1:1,inv11a&b,AT5G24920,(1 of 1) PTHR33228:SF85 - PROTEIN GLUTAMINE DUMPER 5
Migut.11G094200,MgIM767.11G110800,1:1,inv11a&b,AT3G02350,(1 of 1) PTHR32116:SF61 - GALACTURONOSYLTRANSFERASE 9-RELATED
Migut.11G094300,MgIM767.11G110900,1:1,inv11a&b,AT5G15830,(1 of 1) PTHR46324:SF15 - BZIP DOMAIN-CONTAINING PROTEIN
Migut.11G094400,MgIM767.11G111000,1:1,inv11a&b,AT5G15680,(1 of 1) PTHR12295:SF30 - PROTEIN FURRY
Migut.11G094500,MgIM767.11G111100,1:1,inv11a&b,AT5G49550,(1 of 1) K16750 - biogenesis of lysosome-related organelles complex 1 subunit 2 (BLOC1S2)
Migut.11G094600,MgIM767.11G111200,1:1,inv11a&b,AT5G15700,"(1 of 1) PTHR10102:SF0 - DNA-DIRECTED RNA POLYMERASE, MITOCHONDRIAL"
Migut.11G094700,MgIM767.11G111300,1:1,inv11a&b,AT2G33730,"(1 of 2) K12858 - ATP-dependent RNA helicase DDX23/PRP28 (DDX23, PRP28)"
Migut.11G094800,MgIM767.11G111400,1:1,inv11a&b,AT5G15750,(1 of 1) K14560 - U3 small nucleolar ribonucleoprotein protein IMP3 (IMP3)
Migut.11G094900,MgIM767.11G111500,1:1,inv11a&b,AT5G15780,(1 of 1) PTHR47273:SF4 - EXPRESSED PROTEIN
Migut.11G095000,MgIM767.11G111600,1:1,inv11a&b,AT3G45080,(1 of 3) PTHR11783:SF179 - CYTOSOLIC SULFOTRANSFERASE 4-RELATED
Migut.11G095100,x,IM62+,inv11a&b,,
x,MgIM767.11G111700,IM767+,inv11a&b,,
x,MgIM767.11G111800,IM767+,inv11a&b,,
Migut.11G095200,MgIM767.11G111900,1:1,inv11a&b,,
Migut.11G095300,x,IM62+,inv11a&b,AT1G68960,(1 of 1) PTHR44259:SF90 - DUF295 DOMAIN-CONTAINING PROTEIN
Migut.11G095400,x,IM62+,inv11a&b,AT5G38190,(1 of 13) PTHR31099:SF51 - DUF1204 DOMAIN-CONTAINING PROTEIN-RELATED
Migut.11G095500,x,IM62+,inv11a&b,,
Migut.11G095600,MgIM767.11G102900,1:1,inv11a&b,AT2G22500,(1 of 1) PTHR45618:SF13 - MITOCHONDRIAL DICARBOXYLATE CARRIER
Migut.11G095700,MgIM767.11G102800,1:1,inv11a&b,AT5G65450,(1 of 1) PTHR24006:SF690 - UBIQUITIN CARBOXYL-TERMINAL HYDROLASE 17
Migut.11G095800,MgIM767.11G102700,1:1,inv11b,AT4G38090,(1 of 1) PTHR16301:SF20 - PROTEIN IMPACT
Migut.11G095900,MgIM767.11G102600,1:1,inv11b,,
Migut.11G096000,MgIM767.11G102500,1:1,inv11b,,
Migut.11G096100,MgIM767.11G102400,1:1,inv11b,,
Migut.11G096200,MgIM767.11G102300,1:1,inv11b,,
Migut.11G096300,MgIM767.11G102200,1:1,inv11b,,
Migut.11G096400,MgIM767.11G102100,1:1,inv11b,AT2G01710,(1 of 1) PTHR45496:SF1 - CHAPERONE DNAJ-DOMAIN SUPERFAMILY PROTEIN
Migut.11G096500,MgIM767.11G102000,1:1,inv11b,AT2G22530,(1 of 1) K05310 - ethanolaminephosphotransferase (GPI7)
Migut.11G096600,MgIM767.11G101900,1:1,inv11b,AT5G10470,(1 of 2) PTHR47972:SF22 - KINESIN-LIKE PROTEIN KIN-14A-RELATED
Migut.11G096700,MgIM767.11G101800,1:1,inv11b,AT1G09820,(1 of 8) PTHR47933:SF32 - OS06G0111300 PROTEIN
Migut.11G096800,MgIM767.11G101700,1:1,inv11b,AT4G24530,(1 of 1) PTHR31933:SF24 - O-FUCOSYLTRANSFERASE 31
Migut.11G096900,MgIM767.11G101600,1:1,inv11b,AT5G10490,"(1 of 1) PTHR43634:SF2 - MECHANOSENSITIVE ION CHANNEL PROTEIN 2, CHLOROPLASTIC"
Migut.11G097000,MgIM767.11G101500,1:1,inv11b,AT4G38070,(1 of 1) PTHR45287:SF4 - OS03G0691500 PROTEIN
Migut.11G097100,MgIM767.11G101400,1:1,inv11b,AT4G38060,
Migut.11G097200,MgIM767.11G101300,1:1,inv11b,AT1G09720,(1 of 1) PTHR31631:SF3 - KINASE INTERACTING (KIP1-LIKE) PROTEIN-RELATED
Migut.11G097300,MgIM767.11G101200,1:1,inv11b,AT2G22570,(1 of 1) PTHR47297:SF3 - NICOTINAMIDASE 1
Migut.11G097400,x,IM62+,inv11b,AT5G65490,(1 of 1) PTHR13060:SF0 - PROTEIN SGT1
Migut.11G097500,MgIM767.11G101100,1:1,inv11b,AT5G65490,(1 of 1) PTHR13060:SF0 - PROTEIN SGT1
Migut.11G097600,MgIM767.11G101000,1:1,inv11b,AT5G65495,(1 of 22) IPR009053 - Prefoldin
Migut.11G097700,MgIM767.11G100900,1:1,inv11b,AT3G42860,(1 of 3) PF00098//PF06839 - Zinc knuckle (zf-CCHC) // GRF zinc finger (zf-GRF)
Migut.11G097800,MgIM767.11G100800,1:1,inv11b,AT4G38050,(1 of 1) PTHR11119:SF54 - NUCLEOBASE-ASCORBATE TRANSPORTER 11
Migut.11G097900,MgIM767.11G100700,1:1,inv11b,AT5G10510,(1 of 1) PTHR32467:SF155 - AP2-LIKE ETHYLENE-RESPONSIVE TRANSCRIPTION FACTOR AIL6
Migut.11G098000,x,IM62+,inv11b,AT5G10510,(1 of 1) PTHR32467:SF155 - AP2-LIKE ETHYLENE-RESPONSIVE TRANSCRIPTION FACTOR AIL6
Migut.11G098100,MgIM767.11G100600,1:1,inv11b,AT5G65520,(1 of 1) PTHR44858:SF16 - TETRATRICOPEPTIDE REPEAT (TPR)-LIKE SUPERFAMILY PROTEIN
Migut.11G098200,MgIM767.11G100500,1:1,inv11b,AT5G65530,(1 of 1) PTHR47987:SF7 - PROTEIN KINASE SUPERFAMILY PROTEIN
Migut.11G098300,MgIM767.11G100400,1:1,inv11b,AT3G13230,"(1 of 1) K11884 - RNA-binding protein PNO1 (PNO1, DIM2)"
Migut.11G098400,MgIM767.11G100300,1:1,inv11b,AT3G13230,"(1 of 1) K11884 - RNA-binding protein PNO1 (PNO1, DIM2)"
Migut.11G098500,MgIM767.11G100200,1:1,inv11b,AT5G65590,(1 of 3) PTHR31992:SF361 - DOF ZINC FINGER PROTEIN DOF4.3-RELATED
Migut.11G098600,MgIM767.11G100100,1:1,inv11b,AT3G11220,(1 of 1) K11375 - elongator complex protein 4 (ELP4)
Migut.11G098700,MgIM767.11G100000,1:1,inv11b,AT4G37990,(1 of 1) PTHR42683:SF65 - CINNAMYL ALCOHOL DEHYDROGENASE 8
Migut.11G098800,MgIM767.11G099900,1:1,inv11b,AT4G37990,(1 of 1) PTHR42683:SF65 - CINNAMYL ALCOHOL DEHYDROGENASE 8
Migut.11G098900,MgIM767.11G099800,1:1,inv11b,AT4G37990,(1 of 1) PTHR42683:SF65 - CINNAMYL ALCOHOL DEHYDROGENASE 8
x,MgIM767.11G099700,IM767+,inv11b,,"(1 of 19) IPR003614//IPR036574 - Knottin, scorpion toxin-like // Knottin, scorpion toxin-like superfamily"
x,MgIM767.11G099600,IM767+,inv11b,AT2G31957,"(1 of 19) IPR003614//IPR036574 - Knottin, scorpion toxin-like // Knottin, scorpion toxin-like superfamily"
x,MgIM767.11G099500,IM767+,inv11b,AT3G48231,"(1 of 116) IPR003614 - Knottin, scorpion toxin-like"
Migut.11G099000,MgIM767.11G099400,1:1,inv11b,AT1G18250,(1 of 1) PTHR31048:SF48 - THAUMATIN-LIKE PROTEIN
Migut.11G099100,MgIM767.11G099300,1:1,inv11b,,"(1 of 19) IPR003614//IPR036574 - Knottin, scorpion toxin-like // Knottin, scorpion toxin-like superfamily"
Migut.11G099200,MgIM767.11G099200,1:1,inv11b,AT1G09910,(1 of 1) PTHR32018:SF8 - RHAMNOGALACTURONATE LYASE-LIKE PROTEIN
Migut.11G099300,MgIM767.11G099100,1:1,inv11b,AT1G14920,(1 of 2) PTHR31636:SF271 - DELLA PROTEIN GAI-RELATED
Migut.11G099400,MgIM767.11G099000,1:1,inv11b,AT2G18620,"(1 of 1) PTHR43281:SF24 - GERANYLGERANYL PYROPHOSPHATE SYNTHASE 7, CHLOROPLASTIC"
Migut.11G099500,MgIM767.11G098900,1:1,inv11b,AT5G16710,"(1 of 1) PTHR44420:SF1 - GLUTATHIONE S-TRANSFERASE DHAR3, CHLOROPLASTIC"
Migut.11G099600,MgIM767.11G098800,1:1,inv11b,AT5G28040,"(1 of 22) PF04504 - Protein of unknown function, DUF573 (DUF573)"
x,MgIM767.11G098700,IM767+,inv11b,,"(1 of 1) IPR009094 - Disulphide bond isomerase, DsbC, N-terminal"
Migut.11G099700,MgIM767.11G098600,1:1,inv11b,AT5G46800,(1 of 1) PTHR45624:SF12 - MITOCHONDRIAL SUBSTRATE CARRIER FAMILY PROTEIN S-RELATED
Migut.11G099800,MgIM767.11G098500,1:1,inv11b,AT5G16720,(1 of 1) PTHR31448:SF54 - MYOSIN-BINDING PROTEIN 3
Migut.11G099900,MgIM767.11G098400,1:1,inv11b,AT1G14900,(1 of 1) PTHR11467:SF103 - HMG-Y-RELATED PROTEIN A
Migut.11G100000,MgIM767.11G098300,1:1,inv11b,AT1G59720,(1 of 1) PTHR47928:SF57 - OS07G0191500 PROTEIN
Migut.11G100100,MgIM767.11G098200,1:1,inv11b,AT5G37710,(1 of 1) PTHR46398:SF7 - ALPHA_BETA-HYDROLASES SUPERFAMILY PROTEIN
Migut.11G100200,MgIM767.11G098100,1:1,inv11b,AT1G66250,"(1 of 1) PTHR32227:SF52 - GLUCAN ENDO-1,3-BETA-GLUCOSIDASE 2"
Migut.11G100300,MgIM767.11G098000,1:1,inv11b,AT5G16610,(1 of 1) PTHR47871:SF2 - NAC DOMAIN-CONTAINING PROTEIN
Migut.11G100400,MgIM767.11G097900,1:1,inv11b,AT5G16600,(1 of 2) PTHR47999:SF32 - PROTEIN ODORANT1-LIKE
Migut.11G100500,MgIM767.11G097800,1:1,inv11b,AT5G66460,"(1 of 1) PTHR31451:SF60 - MANNAN ENDO-1,4-BETA-MANNOSIDASE 7"
Migut.11G100600,MgIM767.11G097700,1:1,inv11b,AT5G66460,"(1 of 1) PTHR31451:SF60 - MANNAN ENDO-1,4-BETA-MANNOSIDASE 7"
Migut.11G100700,MgIM767.11G097600,1:1,inv11b,AT5G37680,(1 of 1) PTHR45732:SF12 - ADP-RIBOSYLATION FACTOR-LIKE PROTEIN 8C
Migut.11G100800,MgIM767.11G097500,1:1,inv11b,,(1 of 13) PF09425 - Jas motif (Jas_motif)
Migut.11G100900,MgIM767.11G097400,1:1,inv11b,AT3G43440,(1 of 2) PTHR33077:SF143 - PROTEIN TIFY 3A-RELATED
Migut.11G101000,MgIM767.11G097300,1:1,inv11b,AT1G48480,(1 of 1) PTHR48010:SF85 - PROTEIN KINASE DOMAIN-CONTAINING PROTEIN
Migut.11G101100,MgIM767.11G097200,1:1,inv11b,AT1G48480,(1 of 1) PTHR48010:SF85 - PROTEIN KINASE DOMAIN-CONTAINING PROTEIN
Migut.11G101200,MgIM767.11G097100,1:1,inv11b,AT5G17190,(1 of 1) PTHR12701:SF38 - ENDOPLASMIC RETICULUM TRANSMEMBRANE PROTEIN
Migut.11G101300,MgIM767.11G097000,1:1,inv11b,AT5G37670,(1 of 2) PTHR11527:SF175 - HEAT SHOCK PROTEIN 42
Migut.11G101400,MgIM767.11G096900,1:1,inv11b,AT5G01750,(1 of 3) PTHR31087:SF58 - PROTEIN LURP-ONE-RELATED 1-RELATED
Migut.11G101500,MgIM767.11G096800,1:1,inv11b,AT2G01670,"(1 of 1) PTHR12629:SF62 - NUDIX HYDROLASE 17, MITOCHONDRIAL"
Migut.11G101600,MgIM767.11G096700,1:1,inv11b,AT5G37630,"(1 of 1) K06678 - condensin complex subunit 3 (YCG1, CAPG)"
Migut.11G101700,MgIM767.11G096600,1:1,inv11b,AT5G37600,(1 of 1) PTHR20852:SF115 - GLUTAMINE SYNTHETASE CYTOSOLIC ISOZYME 1-1
Migut.11G101800,MgIM767.11G096500,1:1,inv11b,AT5G37550,(1 of 1) PTHR34665:SF4 - DUF4005 DOMAIN-CONTAINING PROTEIN
Migut.11G101900,x,IM62+,inv11b,AT5G66460,"(1 of 1) PTHR31451:SF60 - MANNAN ENDO-1,4-BETA-MANNOSIDASE 7"
Migut.11G102000,MgIM767.11G096400,1:1,inv11b,AT5G66460,"(1 of 1) PTHR31451:SF60 - MANNAN ENDO-1,4-BETA-MANNOSIDASE 7"
Migut.11G102100,MgIM767.11G096300,1:1,inv11b,AT1G09680,(1 of 8) PTHR47933:SF32 - OS06G0111300 PROTEIN
Migut.11G102200,MgIM767.11G096200,1:1,inv11b,AT5G37540,(1 of 2) PTHR47965:SF51 - EUKARYOTIC ASPARTYL PROTEASE FAMILY PROTEIN
Migut.11G102300,MgIM767.11G096100,1:1,inv11b,AT5G37510,(1 of 1) K03934 - NADH dehydrogenase (ubiquinone) Fe-S protein 1 (NDUFS1)
Migut.11G102400,MgIM767.11G096000,1:1,inv11b,AT3G56830,(1 of 1) IPR007572//IPR036259 - Uncharacterised protein family Ycf20 // MFS transporter superfamily
x,MgIM767.11G095900,IM767+,inv11b,AT2G17760,(1 of 1) PTHR13683:SF826 - ASPARTYL PROTEASE FAMILY PROTEIN 1
x,MgIM767.11G095800,IM767+,inv11b,AT2G17760,(1 of 1) PTHR13683:SF826 - ASPARTYL PROTEASE FAMILY PROTEIN 1
x,MgIM767.11G095700,IM767+,inv11b,AT2G17760,(1 of 1) PTHR13683:SF826 - ASPARTYL PROTEASE FAMILY PROTEIN 1
x,MgIM767.11G095600,IM767+,inv11b,AT3G26040,(1 of 1) PTHR31623:SF59 - HXXXD-TYPE ACYL-TRANSFERASE FAMILY PROTEIN
Migut.11G102500,x,IM62+,inv11b,AT2G24840,(1 of 1) PTHR11945:SF778 - AGAMOUS-LIKE MADS-BOX PROTEIN AGL61
Migut.11G102600,MgIM767.11G095500,1:1,inv11b,AT1G21970,(1 of 1) PTHR11064:SF115 - NUCLEAR TRANSCRIPTION FACTOR Y SUBUNIT B-9
Migut.11G102700,x,IM62+,inv11b,AT1G21280,(1 of 1) PTHR37610:SF105 - COPIA-LIKE POLYPROTEIN_RETROTRANSPOSON
x,MgIM767.11G095400,IM767+,inv11b,AT5G54650,(1 of 1) PTHR23213:SF269 - FORMIN-LIKE PROTEIN 5
x,MgIM767.11G095300,IM767+,inv11b,,(1 of 4) PTHR33147:SF165 - DRO1 PROTEIN-RELATED
x,MgIM767.11G095200,IM767+,inv11b,,(1 of 4) PTHR33147:SF165 - DRO1 PROTEIN-RELATED
x,MgIM767.11G095100,IM767+,inv11b,AT3G18670,(1 of 2) IPR002110//IPR026961//IPR036259//IPR036770 - Ankyrin repeat // PGG domain // MFS transporter superfamily // Ankyrin repeat-containing domain superfamily
Migut.11G102800,MgIM767.11G095000,1:1,inv11b,AT3G52640,(1 of 1) K06171 - nicastrin (NCSTN)
Migut.11G102900,MgIM767.11G094900,1:1,inv11b,AT5G37530,(1 of 1) PTHR43267:SF2 - TRNA THREONYLCARBAMOYLADENOSINE DEHYDRATASE 1-RELATED
Migut.11G103000,MgIM767.11G094700,1:1,inv11b,AT3G07530,(1 of 1) K13146 - integrator complex subunit 9 (INTS9)
Migut.11G103100,MgIM767.11G094800,1:1,inv11b,AT3G02860,"(1 of 1) K13104 - zinc finger protein 830 (ZNF830, CCDC16)"
Migut.11G103200,MgIM767.11G094600,1:1,inv11b,AT3G02850,(1 of 1) PTHR45743:SF3 - POTASSIUM CHANNEL SKOR
Migut.11G103300,MgIM767.11G094500,1:1,inv11b,,
Migut.11G103400,MgIM767.11G094400,1:1,inv11b,AT4G01240,(1 of 1) PTHR44067:SF1 - S-ADENOSYL-L-METHIONINE-DEPENDENT METHYLTRANSFERASES SUPERFAMILY PROTEIN
x,MgIM767.11G094300,IM767+,inv11b,AT5G07680,(1 of 1) PTHR31744:SF89 - NAC DOMAIN-CONTAINING PROTEIN 79
Migut.11G103500,MgIM767.11G094200,1:1,inv11b,AT3G23240,(1 of 1) K14516 - ethylene-responsive transcription factor 1 (ERF1)
Migut.11G103600,MgIM767.11G094100,1:1,inv11b,AT3G23240,(1 of 1) K14516 - ethylene-responsive transcription factor 1 (ERF1)
x,MgIM767.11G094000,IM767+,inv11b,AT3G23240,(1 of 1) K14516 - ethylene-responsive transcription factor 1 (ERF1)
Migut.11G103700,MgIM767.11G093900,1:1,inv11b,AT3G23240,(1 of 1) K14516 - ethylene-responsive transcription factor 1 (ERF1)
Migut.11G103800,MgIM767.11G093800,1:1,inv11b,AT3G23240,(1 of 1) K14516 - ethylene-responsive transcription factor 1 (ERF1)
Migut.11G103900,x,IM62+,inv11b,AT1G70520,(1 of 1) PTHR47973:SF2 - CYSTEINE-RICH RECEPTOR-LIKE PROTEIN KINASE 2
Migut.11G104000,MgIM767.11G093700,1:1,inv11b,,(1 of 1) PTHR47973:SF19 - OS11G0470500 PROTEIN
Migut.11G104100,MgIM767.11G093600,1:1,inv11b,AT5G16560,(1 of 1) PTHR31496:SF69 - TRANSCRIPTION REPRESSOR KAN1
Migut.11G104200,MgIM767.11G093500,1:1,inv11b,AT1G35210,(1 of 1) PTHR34046:SF7 - OS02G0758200 PROTEIN
Migut.11G104300,MgIM767.11G093400,1:1,inv11b,AT5G16550,LDAP Interacting Protein
Migut.11G104400,MgIM767.11G093300,1:1,inv11b,AT1G66080,(1 of 1) PTHR12925:SF0 - PROTEIN HIKESHI
Migut.11G104500,MgIM767.11G093200,1:1,inv11b,AT5G37478,(1 of 15) PF06886 - Targeting protein for Xklp2 (TPX2) domain (TPX2)
Migut.11G104600,MgIM767.11G093100,1:1,inv11b,AT5G37370,(1 of 1) K12850 - pre-mRNA-splicing factor 38B (PRPF38B)
Migut.11G104700,MgIM767.11G093000,1:1,inv11b,AT4G05230,(1 of 11) PTHR10621:SF38 - UBIQUITIN DOMAIN-CONTAINING PROTEIN 7SL RNA1-RELATED
Migut.11G104800,MgIM767.11G092900,1:1,inv11b,AT5G17540,(1 of 1) PTHR31642:SF9 - (Z)-3-HEXEN-1-OL ACETYLTRANSFERASE
Migut.11G104900,MgIM767.11G092800,1:1,inv11b,AT5G17540,(1 of 1) PTHR31642:SF9 - (Z)-3-HEXEN-1-OL ACETYLTRANSFERASE
Migut.11G105000,MgIM767.11G092700,1:1,inv11b,AT3G03270,(1 of 1) PTHR46100:SF1 - OS02G0773200 PROTEIN
Migut.11G105100,MgIM767.11G092600,1:1,inv11b,AT3G03480,(1 of 1) K18858 - (Z)-3-hexen-1-ol acetyltransferase (CHAT)
Migut.11G105200,MgIM767.11G092500,1:1,inv11b,AT5G17540,(1 of 1) PTHR31642:SF9 - (Z)-3-HEXEN-1-OL ACETYLTRANSFERASE
Migut.11G105300,MgIM767.11G092300,1:1,inv11b,AT3G03480,(1 of 1) K18858 - (Z)-3-hexen-1-ol acetyltransferase (CHAT)
x,MgIM767.11G092000,IM767+,inv11b,AT1G17920,(1 of 1) PTHR45654:SF1 - HOMEOBOX-LEUCINE ZIPPER PROTEIN HDG12
Migut.11G105400,MgIM767.11G092800,1:1,inv11b,AT5G17540,(1 of 1) PTHR31642:SF9 - (Z)-3-HEXEN-1-OL ACETYLTRANSFERASE
Migut.11G105500,x,IM62+,inv11b,AT5G17540,(1 of 1) PTHR31642:SF9 - (Z)-3-HEXEN-1-OL ACETYLTRANSFERASE
Migut.11G105600,x,IM62+,inv11b,AT3G03270,(1 of 1) PTHR46100:SF1 - OS02G0773200 PROTEIN
Migut.11G105700,MgIM767.11G092400,1:1,inv11b,AT3G17020,(1 of 1) PTHR46100:SF4 - USP DOMAIN-CONTAINING PROTEIN
Migut.11G105800,x,IM62+,inv11b,AT3G03480,(1 of 1) K18858 - (Z)-3-hexen-1-ol acetyltransferase (CHAT)
Migut.11G105900,x,IM62+,inv11b,AT4G12560,(1 of 1) PTHR31790:SF615 - F-BOX PROTEIN CPR1
Migut.11G106000,MgIM767.11G092200,1:1,inv11b,AT4G09795,(1 of 5) PTHR33830:SF26 - DEFENSIN-LIKE PROTEIN 122-RELATED
Migut.11G106100,x,IM62+,inv11b,,
Migut.11G106200,MgIM767.11G092100,1:1,inv11b,AT3G03480,(1 of 1) K18858 - (Z)-3-hexen-1-ol acetyltransferase (CHAT)
Migut.11G106300,MgIM767.11G090600,1:1,inv11b,AT1G73360,(1 of 1) PTHR45654:SF70 - HOMEOBOX-LEUCINE ZIPPER PROTEIN HDG11
Migut.11G106400,x,IM62+,inv11b,AT5G17540,(1 of 1) PTHR31642:SF9 - (Z)-3-HEXEN-1-OL ACETYLTRANSFERASE
Migut.11G106500,x,IM62+,inv11b,,
Migut.11G106600,MgIM767.11G091000,1:1,inv11b,AT3G07870,(1 of 4) PTHR31672:SF3 - F-BOX ASSOCIATED UBIQUITINATION EFFECTOR FAMILY PROTEIN
Migut.11G106700,x,IM62+,inv11b,AT3G03480,(1 of 1) K18858 - (Z)-3-hexen-1-ol acetyltransferase (CHAT)
Migut.11G106800,MgIM767.11G091100,1:1,inv11b,AT1G73360,(1 of 1) PTHR45654:SF70 - HOMEOBOX-LEUCINE ZIPPER PROTEIN HDG11
Migut.11G106900,x,IM62+,inv11b,AT1G73360,(1 of 1) PTHR45654:SF70 - HOMEOBOX-LEUCINE ZIPPER PROTEIN HDG11
Migut.11G107000,MgIM767.11G091200,1:1,inv11b,AT1G65930,"(1 of 1) PTHR11822:SF21 - ISOCITRATE DEHYDROGENASE [NADP], MITOCHONDRIAL"
Migut.11G107100,x,IM62+,inv11b,,
Migut.11G107200,MgIM767.11G091300,1:1,inv11b,AT1G65950,(1 of 1) PTHR43173:SF28 - AARF DOMAIN-CONTAINING PROTEIN KINASE 1
Migut.11G107300,MgIM767.11G091500,1:1,inv11b,AT3G07870,(1 of 4) PTHR31672:SF3 - F-BOX ASSOCIATED UBIQUITINATION EFFECTOR FAMILY PROTEIN
x,MgIM767.11G091600,IM767+,inv11b,,
x,MgIM767.11G091700,IM767+,inv11b,AT2G44950,(1 of 1) PTHR23163:SF0 - E3 UBIQUITIN-PROTEIN LIGASE BRE1
x,MgIM767.11G091800,IM767+,inv11b,,
Migut.11G107400,MgIM767.11G090800/MgIM767.11G090900,1:1,inv11b,AT3G03260,(1 of 1) PTHR45654:SF63 - HOMEOBOX-LEUCINE ZIPPER PROTEIN HDG8
Migut.11G107500,x,IM62+,inv11b,AT5G17540,(1 of 1) PTHR31642:SF9 - (Z)-3-HEXEN-1-OL ACETYLTRANSFERASE
Migut.11G107600,x,IM62+,inv11b,AT3G12640,(1 of 1) PTHR14738:SF32 - RNA BINDING (RRM_RBD_RNP MOTIFS) FAMILY PROTEIN
Migut.11G107700,MgIM767.11G091400,1:1,inv11b,AT3G07870,(1 of 4) PTHR31672:SF3 - F-BOX ASSOCIATED UBIQUITINATION EFFECTOR FAMILY PROTEIN
Migut.11G107800,MgIM767.11G091900,1:1,inv11b,AT1G73360,(1 of 1) PTHR45654:SF70 - HOMEOBOX-LEUCINE ZIPPER PROTEIN HDG11
Migut.11G107900,MgIM767.11G090700,1:1,inv11b,AT1G28690,(1 of 10) PTHR47924:SF204 - DYW_DEAMINASE DOMAIN-CONTAINING PROTEIN
Migut.11G108000,x,IM62+,inv11b,AT1G73360,(1 of 1) PTHR45654:SF70 - HOMEOBOX-LEUCINE ZIPPER PROTEIN HDG11
Migut.11G108100,x,IM62+,inv11b,AT1G73360,(1 of 1) PTHR45654:SF70 - HOMEOBOX-LEUCINE ZIPPER PROTEIN HDG11
x,MgIM767.11G084900,IM767+,inv11b,AT3G19760,(1 of 1) PTHR47958:SF26 - EUKARYOTIC INITIATION FACTOR 4A-III
x,MgIM767.11G085000,IM767+,inv11b,AT5G63520,(1 of 1) PTHR14939:SF5 - F-BOX ONLY PROTEIN 22
Migut.11G108200,MgIM767.11G085100,1:1,inv11b,AT5G16370,"(1 of 2) PTHR43859:SF56 - ACYL-ACTIVATING ENZYME 5, PEROXISOMAL-RELATED"
Migut.11G108300,MgIM767.11G085200,1:1,inv11b,AT3G02700,(1 of 1) PTHR46137:SF3 - OS05G0310600 PROTEIN
x,MgIM767.11G085300,IM767+,inv11b,AT1G19260,"(1 of 3) IPR006580//IPR008906//IPR012337//IPR025398 - Zinc finger, TTF-type // HAT dimerisation domain, C-terminal // Ribonuclease H-like domain // Domain of unknown function DUF4371"
Migut.11G108400,MgIM767.11G085400,1:1,inv11b,AT5G63870,(1 of 1) K04460//K15423 - serine/threonine-protein phosphatase 5 (PPP5C) // serine/threonine-protein phosphatase 4 catalytic subunit (PPP4C)
Migut.11G108500,MgIM767.11G085500,1:1,inv11b,AT1G77240,(1 of 1) PTHR43859:SF53 - ACYL-ACTIVATING ENZYME 4-RELATED
Migut.11G108600,MgIM767.11G085600,1:1,inv11b,AT5G37020,(1 of 1) PTHR31384:SF187 - AUXIN RESPONSE FACTOR 8
Migut.11G108700,MgIM767.11G085700,1:1,inv11b,AT1G78690,(1 of 1) PTHR12497:SF5 - N-ACYLPHOSPHATIDYLETHANOLAMINE SYNTHASE
Migut.11G108800,MgIM767.11G085800,1:1,inv11b,,
Migut.11G108900,MgIM767.11G085900,1:1,inv11b,AT5G65930,(1 of 1) PTHR47972:SF16 - KINESIN-LIKE PROTEIN
Migut.11G109000,MgIM767.11G086000,1:1,inv11b,AT5G45890,(1 of 1) PTHR12411:SF1032 - SENESCENCE-SPECIFIC CYSTEINE PROTEASE SAG12
Migut.11G109100,x,IM62+,inv11b,AT5G50260,(1 of 1) PTHR12411:SF1001 - KDEL-TAILED CYSTEINE ENDOPEPTIDASE CEP1
Migut.11G109200,MgIM767.11G086200,1:1,inv11b,AT1G65730,(1 of 1) PTHR31645:SF22 - METAL-NICOTIANAMINE TRANSPORTER YSL7-RELATED
Migut.11G109300,MgIM767.11G086100,1:1,inv11b,AT5G45890,(1 of 1) PTHR12411:SF1032 - SENESCENCE-SPECIFIC CYSTEINE PROTEASE SAG12
Migut.11G109400,x,IM62+,inv11b,AT3G05320,(1 of 1) PTHR37220:SF1 - O-FUCOSYLTRANSFERASE FAMILY PROTEIN
Migut.11G109500,MgIM767.11G086300,1:1,inv11b,AT1G31260,(1 of 1) PTHR11040:SF48 - ZINC TRANSPORTER 10-RELATED
Migut.11G109600,x,IM62+,inv11b,AT1G31260,(1 of 1) PTHR11040:SF48 - ZINC TRANSPORTER 10-RELATED
Migut.11G109700,MgIM767.11G086400,1:1,inv11b,AT2G35035,"(1 of 1) K03190 - urease accessory protein (ureD, ureH)"
Migut.11G109800,x,IM62+,inv11b,AT1G21970,(1 of 1) PTHR11064:SF115 - NUCLEAR TRANSCRIPTION FACTOR Y SUBUNIT B-9
Migut.11G109900,MgIM767.11G086500,1:1,inv11b,AT5G16370,"(1 of 2) PTHR43859:SF56 - ACYL-ACTIVATING ENZYME 5, PEROXISOMAL-RELATED"
x,MgIM767.11G086600,IM767+,inv11b,,
Migut.11G110000,MgIM767.11G086700,1:1,inv11b,AT1G65730,(1 of 1) PTHR31645:SF22 - METAL-NICOTIANAMINE TRANSPORTER YSL7-RELATED
Migut.11G110100,MgIM767.11G086800,1:1,inv11b,AT1G11950,(1 of 1) PTHR12549:SF67 - JMJC DOMAIN-CONTAINING PROTEIN
Migut.11G110200,MgIM767.11G086900,1:1,inv11b,AT5G36960,
Migut.11G110300,MgIM767.11G087000,1:1,inv11b,AT4G03540,(1 of 13) PTHR36488:SF8 - CASP-LIKE PROTEIN 1U1
Migut.11G110400,MgIM767.11G087100,1:1,inv11b,AT3G02680,"(1 of 1) K10867 - nijmegen breakage syndrome protein 1 (NBN, NBS1)"
Migut.11G110500,MgIM767.11G087200,1:1,inv11b,AT5G36970,(1 of 7) PTHR31234:SF2 - LATE EMBRYOGENESIS ABUNDANT (LEA) HYDROXYPROLINE-RICH GLYCOPROTEIN FAMILY MEMBER
Migut.11G110600,MgIM767.11G087300,1:1,inv11b,AT3G48310,(1 of 5) PTHR47956:SF147 - CYTOCHROME P450 71A21-RELATED
Migut.11G110700,MgIM767.11G087400,1:1,inv11b,AT3G48310,(1 of 5) PTHR47956:SF147 - CYTOCHROME P450 71A21-RELATED
Migut.11G110800,MgIM767.11G087500,1:1,inv11b,AT4G16444,(1 of 1) PTHR42650:SF1 - GUIDED ENTRY OF TAIL-ANCHORED PROTEINS FACTOR 1
Migut.11G110900,MgIM767.11G087600,1:1,inv11b,AT1G21930,
Migut.11G111000,MgIM767.11G087700,1:1,inv11b,AT1G65700,(1 of 1) K12627 - U6 snRNA-associated Sm-like protein LSm8 (LSM8)
Migut.11G111100,MgIM767.11G087800,1:1,inv11b,AT3G02690,(1 of 51) PF00892 - EamA-like transporter family (EamA)
Migut.11G111200,MgIM767.11G087900,1:1,inv11b,AT2G03200,(1 of 1) PTHR47967:SF23 - OS04G0448300 PROTEIN
Migut.11G111300,MgIM767.11G088000,1:1,inv11b,AT5G37010,(1 of 1) PTHR34367:SF8 - BNACNNG25400D PROTEIN
Migut.11G111400,MgIM767.11G088100,1:1,inv11b,AT1G65820,(1 of 1) PTHR10250:SF22 - MICROSOMAL GLUTATHIONE S-TRANSFERASE
Migut.11G111500,MgIM767.11G088200,1:1,inv11b,,
x,MgIM767.11G088300,IM767+,inv11b,,"(1 of 3) IPR003604//IPR015880 - Zinc finger, U1-type // Zinc finger, C2H2-like"
x,MgIM767.11G088400,IM767+,inv11b,AT1G17130,(1 of 2) PTHR12111:SF1 - COILED-COIL DOMAIN-CONTAINING PROTEIN 94
Migut.11G111600,MgIM767.11G088500,1:1,inv11b,AT5G20950,(1 of 1) PTHR30620:SF16 - LYSOSOMAL BETA GLUCOSIDASE
Migut.11G111700,MgIM767.11G088600,1:1,inv11b,AT3G02710,(1 of 1) K12864 - beta-catenin-like protein 1 (CTNNBL1)
Migut.11G111800,MgIM767.11G088700,1:1,inv11b,AT3G02720,(1 of 3) K18881 - D-lactate dehydratase (DJ1D)
Migut.11G111900,MgIM767.11G088800,1:1,inv11b,AT1G65840,(1 of 1) PTHR10742:SF228 - POLYAMINE OXIDASE 4-RELATED
Migut.11G112000,MgIM767.11G088900,1:1,inv11b,AT4G19640,(1 of 2) K07889 - Ras-related protein Rab-5C (RAB5C)
Migut.11G112100,MgIM767.11G089000,1:1,inv11b,AT1G66120,"(1 of 1) PTHR43859:SF2 - BUTYRATE--COA LIGASE AAE11, PEROXISOMAL"
Migut.11G112200,MgIM767.11G089100,1:1,inv11b,AT5G17220,(1 of 1) PTHR43900:SF54 - GLUTATHIONE S-TRANSFERASE F12
Migut.11G112300,MgIM767.11G089200,1:1,inv11b,AT5G36110,(1 of 3) 1.14.13.201 - beta-amyrin 28-monooxygenase. / CYP716A52v2.
Migut.11G112400,MgIM767.11G089300,1:1,inv11b,AT5G17230,(1 of 1) 2.5.1.32 - 15-cis-phytoene synthase. / PSase.
Migut.11G112500,MgIM767.11G089400,1:1,inv11b,AT5G17240,(1 of 1) PTHR13271:SF163 - SET DOMAIN-CONTAINING PROTEIN 4
Migut.11G112600,x,IM62+,inv11b,ATCG01280,(1 of 2) PTHR33078:SF108 - PROTEIN YCF2
Migut.11G112700,x,IM62+,inv11b,ATCG00840,"(1 of 3) K02892 - large subunit ribosomal protein L23 (RP-L23, MRPL23, rplW)"
Migut.11G112800,MgIM767.11G089500,1:1,inv11b,AT1G21270,(1 of 8) PTHR27005:SF283 - WALL-ASSOCIATED RECEPTOR KINASE 1-RELATED
Migut.11G112900,x,IM62+,inv11b,AT2G34420,(1 of 5) K08912 - light-harvesting complex II chlorophyll a/b binding protein 1 (LHCB1)
Migut.11G113000,MgIM767.11G089600,1:1,inv11b,AT1G29930,(1 of 5) K08912 - light-harvesting complex II chlorophyll a/b binding protein 1 (LHCB1)
Migut.11G113100,MgIM767.11G089700,1:1,inv11b,AT1G73370,(1 of 1) PTHR45839:SF24 - SUCROSE SYNTHASE 6
Migut.11G113200,MgIM767.11G089800,1:1,inv11b,AT5G57500,"(1 of 1) PTHR11214:SF351 - BETA-1,3-GALACTOSYLTRANSFERASE PVG3"
Migut.11G113300,MgIM767.11G089900,1:1,inv11b,AT1G65900,
Migut.11G113400,MgIM767.11G090000,1:1,inv11b,AT1G65910,(1 of 16) PTHR31744:SF229 - NAC TRANSCRIPTION FACTOR
Migut.11G113500,MgIM767.11G090100,1:1,inv11b,AT1G78380,(1 of 1) PTHR11260:SF787 - GLUTATHIONE S-TRANSFERASE U19
Migut.11G113600,MgIM767.11G090200,1:1,inv11b,AT5G17290,(1 of 1) K08339 - autophagy-related protein 5 (ATG5)
Migut.11G113700,x,IM62+,inv11b,AT5G47550,(1 of 1) PTHR47364:SF2 - CYSTEINE PROTEINASE INHIBITOR 5
Migut.11G113800,x,IM62+,inv11b,,
Migut.11G113900,MgIM767.11G090300,1:1,inv11b,AT5G17300,(1 of 1) PTHR12802:SF176 - PROTEIN REVEILLE 1
Migut.11G114000,MgIM767.11G090400,1:1,inv11b,AT3G51520,"(1 of 1) K14457 - 2-acylglycerol O-acyltransferase 2 (MOGAT2, MGAT2)"
Migut.11G114100,MgIM767.11G090500,1:1,inv11b,AT3G03250,(1 of 1) PTHR43511:SF4 - UTP--GLUCOSE-1-PHOSPHATE URIDYLYLTRANSFERASE
Migut.11G114200,x,IM62+,inv11b,AT2G17080,(1 of 5) PTHR33070:SF115 - T23E18.15
Migut.11G114300,MgIM767.11G104700,1:1,inv11a,AT3G05090,"(1 of 1) K15361 - WD repeat-containing protein 48 (WDR48, UAF1)"
Migut.11G114400,MgIM767.11G104600,1:1,inv11a,AT1G49620,(1 of 1) PTHR46776:SF9 - CYCLIN-DEPENDENT KINASE INHIBITOR 7
Migut.11G114500,MgIM767.11G104500,1:1,inv11a,AT3G19184,(1 of 1) PTHR31391:SF99 - B3 DOMAIN-CONTAINING PROTEIN OS06G0194400
Migut.11G114600,MgIM767.11G104400,1:1,inv11a,AT5G66800,(1 of 1) PTHR31722:SF62 - EMB|CAB62433.1|
Migut.11G114700,MgIM767.11G104300,1:1,inv11a,AT1G18210,(1 of 1) PTHR10891:SF814 - CALCIUM-BINDING PROTEIN CML27-RELATED
Migut.11G114800,MgIM767.11G104200,1:1,inv11a,AT3G50340,
Migut.11G114900,MgIM767.11G104100,1:1,inv11a,AT5G67030,"(1 of 1) K09838 - zeaxanthin epoxidase (ZEP, ABA1)"
Migut.11G115000,MgIM767.11G104000,1:1,inv11a,AT5G67080,(1 of 2) PTHR48011:SF18 - MITOGEN-ACTIVATED PROTEIN KINASE KINASE KINASE 19-RELATED
Migut.11G115100,MgIM767.11G103900,1:1,inv11a,AT1G45688,(1 of 1) PTHR31852:SF167 - TRANSMEMBRANE PROTEIN
Migut.11G115200,MgIM767.11G103800,1:1,inv11a,AT3G49000,"(1 of 1) K03023 - DNA-directed RNA polymerase III subunit RPC3 (RPC3, POLR3C)"
Migut.11G115300,MgIM767.11G103700,1:1,inv11a,AT2G23360,(1 of 1) PTHR31580:SF22 - FILAMENT-LIKE PLANT PROTEIN 7
Migut.11G115400,MgIM767.11G103600,1:1,inv11a,AT1G26290,
Migut.11G115500,MgIM767.11G103500,1:1,inv11a,AT2G22480,"(1 of 1) PTHR45770:SF23 - ATP-DEPENDENT 6-PHOSPHOFRUCTOKINASE 5, CHLOROPLASTIC"
Migut.11G115600,MgIM767.11G103400,1:1,inv11a,AT5G65420,(1 of 1) PTHR10177:SF586 - CYCLIN-D4-1
Migut.11G115700,MgIM767.11G103300,1:1,inv11a,AT5G65430,(1 of 1) PTHR18860:SF145 - 14-3-3-LIKE PROTEIN GF14 KAPPA
Migut.11G115800,MgIM767.11G103200,1:1,inv11a,AT1G80770,(1 of 1) PTHR45759:SF4 - P-LOOP CONTAINING NUCLEOSIDE TRIPHOSPHATE HYDROLASES SUPERFAMILY PROTEIN
Migut.11G115900,MgIM767.11G103100,1:1,inv11a,AT2G39445,"(1 of 2) K03861 - phosphatidylinositol glycan, class P (PIGP, GPI19, DSCR5)"
Migut.11G116000,MgIM767.11G103000,1:1,inv11a,AT4G24610,
Migut.11G116100,x,IM62+,inv11a,AT1G68960,(1 of 1) PTHR44259:SF90 - DUF295 DOMAIN-CONTAINING PROTEIN
Migut.11G116200,x,IM62+,inv11a,AT5G38190,(1 of 13) PTHR31099:SF51 - DUF1204 DOMAIN-CONTAINING PROTEIN-RELATED
Migut.11G116300,x,IM62+,inv11a,,
Migut.11G116400,x,IM62+,inv11a,,
Migut.11G116500,x,IM62+,inv11a,,"(1 of 5) K15104 - solute carrier family 25 (mitochondrial oxoglutarate transporter), member 11 (SLC25A11, OGC)"
x,MgIM767.11G112000,IM767+,out,,"(1 of 44) IPR001305 - Heat shock protein DnaJ, cysteine-rich domain"
Migut.11G116600,MgIM767.11G112100,1:1,out,AT3G02290,(1 of 2) PTHR46463:SF10 - RING_U-BOX SUPERFAMILY PROTEIN
Migut.11G116700,MgIM767.11G112200,1:1,out,AT5G38880,(1 of 1) PF14817 - HAUS augmin-like complex subunit 5 (HAUS5)
Migut.11G116800,MgIM767.11G112300,1:1,out,AT5G15802,"(1 of 33) IPR001305 - Heat shock protein DnaJ, cysteine-rich domain"
Migut.11G116900,MgIM767.11G112400,1:1,out,AT3G30210,(1 of 1) PTHR45675:SF17 - MYB TRANSCRIPTION FACTOR
Migut.11G117000,MgIM767.11G112500,1:1,out,AT3G02320,(1 of 1) PTHR10631:SF3 - TRNA (GUANINE(26)-N(2))-DIMETHYLTRANSFERASE
Migut.11G117100,MgIM767.11G112600,1:1,out,AT5G60920,(1 of 1) PTHR31673:SF65 - PROTEIN COBRA
Migut.11G117200,MgIM767.11G112700,1:1,out,AT5G60920,(1 of 1) PTHR31673:SF65 - PROTEIN COBRA
Migut.11G117300,MgIM767.11G112800,1:1,out,AT5G15640,(1 of 1) PTHR46080:SF3 - MITOCHONDRIAL SUBSTRATE CARRIER FAMILY PROTEIN
Migut.11G117400,MgIM767.11G112900,1:1,out,AT3G02220,(1 of 1) KOG3241 - Uncharacterized conserved protein
Migut.11G117500,MgIM767.11G113000,1:1,out,AT3G29780,(1 of 1) PTHR39112:SF5 - PROTEIN RALF-LIKE 27
Migut.11G117600,MgIM767.11G113100,1:1,out,AT5G39040,(1 of 1) 3.6.3.43//3.6.3.44 - bacterial ABC-type protein transporter. / peptide-transporting ATPase. // ABC-type xenobiotic transporter. / xenobiotic-transporting ATPase.
Migut.11G117700,MgIM767.11G113200,1:1,out,AT3G02200,(1 of 1) PTHR15350:SF14 - EUKARYOTIC TRANSLATION INITIATION FACTOR 3 SUBUNIT M
Migut.11G117800,MgIM767.11G113300,1:1,out,AT4G31985,"(1 of 3) K02924 - large subunit ribosomal protein L39e (RP-L39e, RPL39)"
Migut.11G117900,MgIM767.11G113400,1:1,out,AT1G69230,(1 of 2) PTHR33403:SF28 - PROTEIN SPIRAL1-LIKE 1-RELATED
Migut.11G118000,MgIM767.11G113500,1:1,out,AT4G26190,(1 of 1) PTHR12210:SF172 - HALOACID DEHALOGENASE-LIKE HYDROLASE (HAD) SUPERFAMILY PROTEIN
Migut.11G118100,MgIM767.11G113600,1:1,out,AT1G74160,(1 of 1) PTHR31680:SF4 - PROTEIN LONGIFOLIA 1-RELATED
Migut.11G118200,MgIM767.11G113700,1:1,out,AT3G02160,(1 of 1) PTHR46338:SF1 - TRANSCRIPTION INITIATION FACTOR TFIID SUBUNIT 8
Migut.11G118300,MgIM767.11G113800,1:1,out,AT3G02150,(1 of 1) PTHR31072:SF147 - TRANSCRIPTION FACTOR TCP13
Migut.11G118400,MgIM767.11G113900,1:1,out,AT5G60980,(1 of 1) PTHR10693:SF20 - AT27578P
Migut.11G118500,MgIM767.11G114000,1:1,out,AT3G29575,(1 of 1) PTHR31413:SF31 - NINJA-FAMILY PROTEIN AFP3
Migut.11G118600,MgIM767.11G114100,1:1,out,AT3G02130,(1 of 4) PTHR48056:SF81 - LEUCINE-RICH REPEAT CONTAINING PROTEIN
Migut.11G118700,MgIM767.11G114200,1:1,out,AT2G03630,(1 of 1) PTHR33673:SF41 - SUPPRESSOR SRP40-LIKE PROTEIN
Migut.11G118800,MgIM767.11G114300,1:1,out,AT2G03530,(1 of 3) PTHR31081:SF5 - UREIDE PERMEASE 1-RELATED
Migut.11G118900,MgIM767.11G114400,1:1,out,AT1G13820,(1 of 1) PTHR43689:SF64 - ALPHA_BETA-HYDROLASES SUPERFAMILY PROTEIN
Migut.11G119000,MgIM767.11G114500,1:1,out,AT5G15550,"(1 of 1) K14863 - ribosome biogenesis protein YTM1 (YTM1, WDR12)"
Migut.11G119100,MgIM767.11G114600,1:1,out,AT3G01015,(1 of 1) PTHR14326:SF54 - MICROTUBULE-DESTABILIZING PROTEIN 60
Migut.11G119200,MgIM767.11G114700,1:1,out,AT3G02080,"(1 of 3) K02966 - small subunit ribosomal protein S19e (RP-S19e, RPS19)"
Migut.11G119300,MgIM767.11G114800,1:1,out,AT3G02090,"(1 of 1) K17732 - mitochondrial-processing peptidase subunit beta [EC:3.4.24.64] (PMPCB, MAS1)"
Migut.11G119400,MgIM767.11G114900,1:1,out,AT1G62940,(1 of 1) PTHR24096:SF389 - 4-COUMARATE--COA LIGASE-LIKE 1
x,MgIM767.11G115000,IM767+,out,AT1G62940,(1 of 1) PTHR24096:SF389 - 4-COUMARATE--COA LIGASE-LIKE 1
Migut.11G119500,MgIM767.11G115100,1:1,out,,
Migut.11G119600,MgIM767.11G115200,1:1,out,AT3G29370,(1 of 177) IPR036638 - Helix-loop-helix DNA-binding domain superfamily
Migut.11G119700,MgIM767.11G115300,1:1,out,AT3G02100,(1 of 1) 2.4.1.63 - linamarin synthase. / linamarin synthase.
Migut.11G119800,x,IM62+,out,,
Migut.11G119900,MgIM767.11G115400,1:1,out,AT5G15490,(1 of 2) PTHR11374:SF3 - UDP-GLUCOSE 6-DEHYDROGENASE
Migut.11G120000,MgIM767.11G115500,1:1,out,AT3G29310,"(1 of 1) PTHR33322:SF18 - BAG FAMILY MOLECULAR CHAPERONE REGULATOR 8, CHLOROPLASTIC"
Migut.11G120100,x,IM62+,out,,
Migut.11G120200,MgIM767.11G115600,1:1,out,AT3G29310,"(1 of 1) PTHR33322:SF18 - BAG FAMILY MOLECULAR CHAPERONE REGULATOR 8, CHLOROPLASTIC"
Migut.11G120300,MgIM767.11G115700,1:1,out,AT3G01040,(1 of 1) PTHR32116:SF27 - GALACTURONOSYLTRANSFERASE 10-RELATED
Migut.11G120400,MgIM767.11G115800,1:1,out,AT5G15460,(1 of 1) PTHR13169:SF26 - MEMBRANE-ANCHORED UBIQUITIN-FOLD PROTEIN 2
Migut.11G120500,MgIM767.11G115900,1:1,out,AT5G15450,(1 of 1) PTHR11638:SF18 - AAA ATPASE DOMAIN-CONTAINING PROTEIN
Migut.11G120600,MgIM767.11G116000,1:1,out,AT5G39360,(1 of 1) PTHR31348:SF2 - EID1-LIKE F-BOX PROTEIN 1-RELATED
Migut.11G120700,MgIM767.11G116100,1:1,out,AT5G15430,(1 of 1) PTHR33349:SF9 - CALMODULIN-BINDING DOMAIN-CONTAINING PROTEIN
Migut.11G120800,MgIM767.11G116200,1:1,out,AT3G29270,(1 of 1) PTHR46616:SF2 - OS03G0211100 PROTEIN
Migut.11G120900,MgIM767.11G116300,1:1,out,AT5G15410,(1 of 1) PTHR45651:SF50 - CYCLIC NUCLEOTIDE-GATED ION CHANNEL 2
Migut.11G121000,MgIM767.11G116400,1:1,out,AT3G29200,(1 of 1) PTHR21145:SF0 - CHORISMATE MUTASE
Migut.11G121100,MgIM767.11G116500,1:1,out,AT3G29185,"(1 of 1) PF12204//PF21053 - Domain of unknown function (DUF3598), N-terminal (DUF3598_N) // Domain of unknown function (DUF3598), C-terminal domain (DUF3598_C)"
Migut.11G121200,MgIM767.11G116600,1:1,out,AT2G03340,(1 of 1) PTHR31221:SF130 - WRKY TRANSCRIPTION FACTOR 3-RELATED
Migut.11G121300,MgIM767.11G116700,1:1,out,AT1G18670,(1 of 1) PTHR24056:SF228 - CYCLIN-DEPENDENT KINASE-LIKE PROTEIN-RELATED
Migut.11G121400,MgIM767.11G116800,1:1,out,AT3G29180,(1 of 1) PTHR31558:SF34 - PROTEIN ENHANCED DISEASE RESISTANCE 2 C-TERMINAL DOMAIN-CONTAINING PROTEIN
Migut.11G121500,MgIM767.11G116900,1:1,out,AT3G29170,(1 of 1) PTHR15664:SF21 - TRANSMEMBRANE PROTEIN 230
Migut.11G121600,MgIM767.11G117000,1:1,out,AT3G01090,"(1 of 1) IPR000719//IPR001772//IPR009060//IPR011009//IPR015940//IPR020635//IPR027916//IPR028375 - Protein kinase domain // Kinase associated domain 1 (KA1) // UBA-like // Protein kinase-like domain // Ubiquitin-associated domain // Tyrosine-protein kinase, catalytic domain // Protein kinase-like domain, Apicomplexa // KA1 domain/Ssp2 C-terminal domain"
Migut.11G121700,MgIM767.11G117100,1:1,out,AT5G19790,(1 of 1) PTHR31194:SF257 - ETHYLENE-RESPONSIVE TRANSCRIPTION FACTOR RAP2-11
Migut.11G121800,MgIM767.11G117200,1:1,out,AT5G39510,(1 of 4) K08493 - vesicle transport through interaction with t-SNAREs 1 (VTI1)
Migut.11G121900,MgIM767.11G117300,1:1,out,AT3G29060,(1 of 1) PTHR10783:SF124 - PHOSPHATE TRANSPORTER PHO1 HOMOLOG 9
Migut.11G122000,MgIM767.11G117400,1:1,out,AT5G15330,(1 of 1) PTHR45978:SF7 - SPX DOMAIN-CONTAINING PROTEIN 4
Migut.11G122100,MgIM767.11G117500,1:1,out,AT3G01120,(1 of 2) 2.5.1.48 - cystathionine gamma-synthase. / O-succinyl-L-homoserine succinate-lyase (adding cysteine).
Migut.11G122200,MgIM767.11G117600,1:1,out,AT5G15310,(1 of 1) PTHR10641:SF1380 - TRANSCRIPTION FACTOR MYB16
Migut.11G122300,MgIM767.11G117700,1:1,out,AT5G61430,(1 of 1) PTHR31744:SF104 - NAC DOMAIN-CONTAINING PROTEIN 100
Migut.11G122400,MgIM767.11G117800,1:1,out,AT5G15290,(1 of 13) PTHR36488:SF8 - CASP-LIKE PROTEIN 1U1
Migut.11G122500,MgIM767.11G117900,1:1,out,AT5G15280,(1 of 4) PTHR47939:SF2 - FERTILITY RESTORER
x,MgIM767.11G118000,IM767+,out,,"(1 of 3) IPR011002 - Flagellar motor switch protein FliG, alpha-helical"
Migut.11G122600,x,IM62+,out,,
Migut.11G122700,x,IM62+,out,AT1G64840,(1 of 3) PTHR47123:SF24 - LOW PROTEIN: F-BOX_KELCH-REPEAT PROTEIN
Migut.11G122800,MgIM767.11G118200,1:1,out,AT1G52970,(1 of 11) PTHR31207:SF23 - DOWNREGULATED IN DIF1 18-RELATED
Migut.11G122900,MgIM767.11G118300,1:1,out,,
Migut.11G123000,MgIM767.11G118400,1:1,out,AT5G34885,(1 of 22) PTHR31951:SF22 - ECA1 GAMETOGENESIS RELATED FAMILY PROTEIN-RELATED
Migut.11G123100,x,IM62+,out,,
Migut.11G123200,MgIM767.11G118500,1:1,out,AT5G34885,(1 of 22) PTHR31951:SF22 - ECA1 GAMETOGENESIS RELATED FAMILY PROTEIN-RELATED
Migut.11G123300,MgIM767.11G118600,1:1,out,,
Migut.11G123400,MgIM767.11G118700,1:1,out,,
Migut.11G123500,MgIM767.11G118800,1:1,out,AT5G39670,(1 of 1) PTHR10891:SF1001 - CALCIUM-BINDING PROTEIN CML46-RELATED
Migut.11G123600,MgIM767.11G118900,1:1,out,AT5G15265,(1 of 1) PTHR37908:SF3 - TRANSMEMBRANE PROTEIN
Migut.11G123700,MgIM767.11G119000,1:1,out,AT5G39660,(1 of 1) PTHR31089:SF70 - CYCLIC DOF FACTOR 2
Migut.11G123800,MgIM767.11G119100,1:1,out,AT3G01170,(1 of 1) PTHR46996:SF4 - RIBOSOMAL PROTEIN L34E SUPERFAMILY PROTEIN
Migut.11G123900,MgIM767.11G119200,1:1,out,AT3G01175,(1 of 1) PTHR46741:SF7 - TRANSMEMBRANE PROTEIN
Migut.11G124000,MgIM767.11G119300,1:1,out,AT3G28920,(1 of 1) PTHR31948:SF137 - ZINC-FINGER HOMEODOMAIN PROTEIN 9
Migut.11G124100,MgIM767.11G119400,1:1,out,AT5G39785,(1 of 1) PTHR46741:SF10 - RIBOSOMAL PROTEIN L34AE
Migut.11G124200,MgIM767.11G119500,1:1,out,,
Migut.11G124300,MgIM767.11G119600,1:1,out,AT5G39850,(1 of 1) PTHR11831:SF47 - 40S RIBOSOMAL PROTEIN S9-2
Migut.11G124400,MgIM767.11G119700,1:1,out,AT4G14960,(1 of 3) PTHR11588:SF443 - TUBULIN ALPHA-6 CHAIN
Migut.11G124500,MgIM767.11G119800,1:1,out,AT3G28857,(1 of 1) PTHR46446:SF28 - TRANSCRIPTION FACTOR PRE5
Migut.11G124600,MgIM767.11G119900,1:1,out,AT2G02760,(1 of 1) PTHR24067:SF301 - UBIQUITIN-CONJUGATING ENZYME E2 2
Migut.11G124700,MgIM767.11G120000,1:1,out,AT5G39900,"(1 of 1) PTHR43512:SF7 - TRANSLATION FACTOR GUF1, MITOCHONDRIAL"
Migut.11G124800,MgIM767.11G120100,1:1,out,AT3G28710,"(1 of 2) K02146 - V-type H+-transporting ATPase subunit d (ATPeV0D, ATP6D)"
Migut.11G124900,MgIM767.11G120200,1:1,out,AT1G79700,(1 of 1) PTHR32467:SF122 - AP2_ERF DOMAIN-CONTAINING PROTEIN
Migut.11G125000,MgIM767.11G120300,1:1,out,AT3G28730,(1 of 1) K09272 - structure-specific recognition protein 1 (SSRP1)
Migut.11G125100,MgIM767.11G120400,1:1,out,AT3G01280,(1 of 1) PTHR11743:SF60 - MITOCHONDRIAL OUTER MEMBRANE PROTEIN PORIN 1
x,MgIM767.11G120500,IM767+,out,,
Migut.11G125200,x,IM62+,out,AT3G28700,(1 of 1) K18164 - NADH dehydrogenase [ubiquinone] 1 alpha subcomplex assembly factor 7 (NDUFAF7)
Migut.11G125300,MgIM767.11G120600,1:1,out,AT3G28700,(1 of 1) K18164 - NADH dehydrogenase [ubiquinone] 1 alpha subcomplex assembly factor 7 (NDUFAF7)
Migut.11G125400,MgIM767.11G120700,1:1,out,AT5G39950,(1 of 1) PTHR10438:SF413 - THIOREDOXIN H2
Migut.11G125500,MgIM767.11G120800,1:1,out,AT3G01310,(1 of 2) 2.7.4.21//2.7.4.24 - inositol-hexakisphosphate 5-kinase. / IP6K. // diphosphoinositol-pentakisphosphate 1-kinase. / PP-IP5 kinase.
Migut.11G125600,MgIM767.11G120900,1:1,out,AT5G39940,(1 of 1) K07007 - uncharacterized protein (K07007)
Migut.11G125700,MgIM767.11G121000,1:1,out,AT1G27100,(1 of 1) PTHR31205:SF40 - ACTIN CROSS-LINKING PROTEIN
Migut.11G125800,MgIM767.11G121100,1:1,out,AT5G52370,(1 of 2) PF16053 - Mitochondrial 28S ribosomal protein S34 (MRP-S34)
x,MgIM767.11G121200,IM767+,out,AT3G47870,(1 of 2) PTHR31301:SF21 - LOB DOMAIN-CONTAINING PROTEIN 27
x,MgIM767.11G121300,IM767+,out,AT3G47870,(1 of 2) PTHR31301:SF21 - LOB DOMAIN-CONTAINING PROTEIN 27
x,MgIM767.11G121400,IM767+,out,AT3G47870,(1 of 2) PTHR31301:SF21 - LOB DOMAIN-CONTAINING PROTEIN 27
x,MgIM767.11G121500,IM767+,out,AT3G47870,(1 of 2) PTHR31301:SF21 - LOB DOMAIN-CONTAINING PROTEIN 27
Migut.11G125900,MgIM767.11G121600,1:1,out,AT5G39990,(1 of 1) PTHR45719:SF40 - BETA-GLUCURONOSYLTRANSFERASE GLCAT14A
Migut.11G126000,MgIM767.11G121700,1:1,out,AT3G28490,(1 of 2) PTHR10869:SF235 - PROLYL 4-HYDROXYLASE 6-RELATED
Migut.11G126100,MgIM767.11G121800,1:1,out,AT3G28450,(1 of 4) PTHR48056:SF81 - LEUCINE-RICH REPEAT CONTAINING PROTEIN
Migut.11G126200,MgIM767.11G121900,1:1,out,AT3G28420,(1 of 1) PTHR35997:SF5 - DUF4408 DOMAIN-CONTAINING PROTEIN
Migut.11G126300,MgIM767.11G122000,1:1,out,AT5G15020,(1 of 3) PTHR12346:SF8 - PAIRED AMPHIPATHIC HELIX PROTEIN SIN3-LIKE 1-RELATED
x,MgIM767.11G122100,IM767+,out,,(1 of 12) 3.4.24.7 - interstitial collagenase. / vertebrate collagenase.
Migut.11G126400,x,IM62+,out,AT1G70170,(1 of 1) PTHR10201:SF247 - METALLOENDOPROTEINASE 2-MMP
Migut.11G126500,x,IM62+,out,AT3G01360,(1 of 1) PTHR46285:SF7 - OS06G0238900 PROTEIN
Migut.11G126600,MgIM767.11G122200,1:1,out,AT1G24140,(1 of 1) PTHR10201:SF263 - METALLOENDOPROTEINASE 3-MMP
Migut.11G126700,MgIM767.11G122300,1:1,out,AT1G70170,(1 of 1) PTHR10201:SF247 - METALLOENDOPROTEINASE 2-MMP
Migut.11G126800,MgIM767.11G122400,1:1,out,AT1G70170,(1 of 1) PTHR10201:SF247 - METALLOENDOPROTEINASE 2-MMP
Migut.11G126900,MgIM767.11G122500,1:1,out,AT1G70170,(1 of 1) PTHR10201:SF247 - METALLOENDOPROTEINASE 2-MMP
Migut.11G127000,MgIM767.11G122600,1:1,out,AT3G01360,(1 of 1) PTHR46285:SF7 - OS06G0238900 PROTEIN
Migut.11G127100,MgIM767.11G122700,1:1,out,AT2G04700,(1 of 1) K17892 - ferredoxin-thioredoxin reductase catalytic chain (FTRC)
x,MgIM767.11G122800,IM767+,out,AT3G62210,(1 of 9) PTHR14379:SF98 - EMB|CAB71865.1-RELATED
Migut.11G127200,MgIM767.11G122900,1:1,out,AT5G14920,(1 of 1) PTHR23201:SF162 - GIBBERELLIN-REGULATED PROTEIN 14
Migut.11G127300,MgIM767.11G123000,1:1,out,AT4G09610,(1 of 15) PF02704 - Gibberellin regulated protein (GASA)
Migut.11G127400,MgIM767.11G123100,1:1,out,AT5G14910,(1 of 67) IPR036163 - Heavy metal-associated domain superfamily
Migut.11G127500,MgIM767.11G123200,1:1,out,AT5G40160,(1 of 1) PTHR24203:SF76 - ANK_REP_REGION DOMAIN-CONTAINING PROTEIN
Migut.11G127600,MgIM767.11G123300,1:1,out,AT5G40190,"(1 of 2) PTHR36039:SF2 - GENOMIC DNA, CHROMOSOME 3, P1 CLONE:MMG15"
Migut.11G127700,MgIM767.11G123400,1:1,out,AT5G62865,(1 of 1) PTHR47076:SF2 - (RAPE) HYPOTHETICAL PROTEIN
Migut.11G127800,MgIM767.11G123500,1:1,out,AT2G18670,(1 of 3) PTHR46539:SF9 - RING-H2 FINGER PROTEIN ATL56
Migut.11G127900,MgIM767.11G123600,1:1,out,AT5G14790,(1 of 3) PTHR21567:SF62 - ARM REPEAT SUPERFAMILY PROTEIN
Migut.11G128000,MgIM767.11G123700,1:1,out,AT3G55250,(1 of 1) PTHR36770:SF1 - CALCIUM HOMEOSTASIS REGULATOR-RELATED
Migut.11G128100,MgIM767.11G123800,1:1,out,AT1G70350,(1 of 1) PTHR33156:SF2 - NUCLEAR FUSION DEFECTIVE 6
Migut.11G128200,MgIM767.11G123900,1:1,out,AT1G23750,(1 of 1) PTHR31472:SF41 - F5O8.30 PROTEIN
Migut.11G128300,MgIM767.11G124000,1:1,out,AT3G27925,(1 of 1) PTHR43343:SF2 - PDZ DOMAIN-CONTAINING PROTEIN
x,MgIM767.11G124100,IM767+,out,AT3G52030,(1 of 1) PTHR44436:SF1 - F-BOX_WD REPEAT-CONTAINING PROTEIN 2
x,MgIM767.11G124200,IM767+,out,AT3G62210,(1 of 9) PTHR14379:SF98 - EMB|CAB71865.1-RELATED
Migut.11G128400,MgIM767.11G124300,1:1,out,AT3G27880,(1 of 1) PTHR33095:SF101 - OS05G0578100 PROTEIN
Migut.11G128500,MgIM767.11G124400,1:1,out,AT5G14720,(1 of 1) PTHR48014:SF10 - PROTEIN KINASE SUPERFAMILY PROTEIN
Migut.11G128600,MgIM767.11G124500,1:1,out,AT3G01516,(1 of 1) PTHR33264:SF42 - (RAPE) HYPOTHETICAL PROTEIN
Migut.11G128700,MgIM767.11G124600,1:1,out,AT5G14680,(1 of 1) PTHR47710:SF1 - ADENINE NUCLEOTIDE ALPHA HYDROLASES-LIKE SUPERFAMILY PROTEIN
Migut.11G128800,MgIM767.11G124700,1:1,out,AT5G40340,(1 of 1) PTHR10688:SF16 - PWWP DOMAIN-CONTAINING PROTEIN 3
Migut.11G128900,MgIM767.11G124800,1:1,out,AT3G27830,"(1 of 2) PTHR45987:SF25 - 50S RIBOSOMAL PROTEIN L12-1, CHLOROPLASTIC-RELATED"
Migut.11G129000,MgIM767.11G124900,1:1,out,AT3G27820,(1 of 1) PTHR43557:SF2 - RIESKE DOMAIN-CONTAINING PROTEIN-RELATED
Migut.11G129100,MgIM767.11G125000,1:1,out,AT5G14660,(1 of 1) PTHR10458:SF22 - PEPTIDE DEFORMYLASE
Migut.11G129200,MgIM767.11G125100,1:1,out,AT5G14640,(1 of 1) PTHR24057:SF0 - PROTEIN KINASE SHAGGY-RELATED
Migut.11G129300,MgIM767.11G125200,1:1,out,,
Migut.11G129400,MgIM767.11G125300,1:1,out,AT5G14620,(1 of 1) PTHR23068:SF25 - DNA (CYTOSINE-5)-METHYLTRANSFERASE DRM2
Migut.11G129500,MgIM767.11G125400,1:1,out,AT3G01540,(1 of 1) PTHR47958:SF92 - DEAD-BOX ATP-DEPENDENT RNA HELICASE 14
Migut.11G129600,MgIM767.11G125500,1:1,out,AT2G13600,(1 of 32) PTHR47928:SF190 - OS04G0110500 PROTEIN
Migut.11G129700,MgIM767.11G125600,1:1,out,AT3G01550,"(1 of 1) PTHR11132:SF364 - PHOSPHOENOLPYRUVATE_PHOSPHATE TRANSLOCATOR 2, CHLOROPLASTIC"
Migut.11G129800,MgIM767.11G125700,1:1,out,AT5G14590,"(1 of 1) PTHR11822:SF5 - ISOCITRATE DEHYDROGENASE [NADP], CHLOROPLASTIC/MITOCHONDRIAL"
Migut.11G129900,MgIM767.11G125900,1:1,out,AT5G40390,(1 of 1) PTHR31268:SF14 - GALACTINOL--SUCROSE GALACTOSYLTRANSFERASE 5-RELATED
Migut.11G130000,MgIM767.11G126000,1:1,out,AT5G14530,(1 of 1) PTHR19861:SF0 - WD REPEAT-CONTAINING PROTEIN 82
Migut.11G130100,MgIM767.11G126100,1:1,out,AT3G01570,(1 of 1) PTHR33203:SF63 - OLEOSIN 5
Migut.11G130200,MgIM767.11G126200,1:1,out,AT3G27650,(1 of 1) PTHR31301:SF12 - LOB DOMAIN-CONTAINING PROTEIN 25
Migut.11G130300,MgIM767.11G126300,1:1,out,AT5G40460,(1 of 1) PTHR33142:SF40 - CYCLIN-DEPENDENT PROTEIN KINASE INHIBITOR SMR6
Migut.11G130400,MgIM767.11G126400,1:1,out,AT5G19130,(1 of 1) K05289 - glycosylphosphatidylinositol transamidase (GAA1)
Migut.11G130500,MgIM767.11G126500,1:1,out,AT5G40490,(1 of 1) PTHR48033:SF5 - RRM DOMAIN-CONTAINING PROTEIN
Migut.11G130600,MgIM767.11G126600,1:1,out,AT3G27580,(1 of 1) PTHR45637:SF19 - SERINE_THREONINE-PROTEIN KINASE D6PKL3
Migut.11G130700,MgIM767.11G126700,1:1,out,AT3G27570,(1 of 1) PTHR31902:SF10 - ACTIN PATCHES DISTAL PROTEIN 1
Migut.11G130800,MgIM767.11G126800,1:1,out,AT5G14510,(1 of 1) PTHR23315:SF120 - ARMADILLO/BETA-CATENIN-LIKE REPEAT-CONTAINING PROTEIN
Migut.11G130900,MgIM767.11G126900,1:1,out,,
Migut.11G131000,MgIM767.11G127000,1:1,out,,
Migut.11G131100,MgIM767.11G127100,1:1,out,AT3G01580,(1 of 1) PTHR47928:SF92 - PPR_LONG DOMAIN-CONTAINING PROTEIN
Migut.11G131200,MgIM767.11G127200,1:1,out,AT3G01590,(1 of 1) PTHR11122:SF41 - GLUCOSE-6-PHOSPHATE 1-EPIMERASE
Migut.11G131300,MgIM767.11G127300,1:1,out,AT5G40530,(1 of 1) 2.1.1.287 - 25S rRNA (adenine(645)-N(1))-methyltransferase. / 25S rRNA m(1)A(645) methyltransferase.
Migut.11G131400,MgIM767.11G127400,1:1,out,,
Migut.11G131500,MgIM767.11G127500,1:1,out,AT5G50180,(1 of 1) PTHR23257:SF928 - PROTEIN KINASE DOMAIN-CONTAINING PROTEIN
Migut.11G131600,MgIM767.11G127600,1:1,out,AT3G01600,(1 of 2) PTHR31079:SF2 - F4P13.14 PROTEIN-RELATED
Migut.11G131700,MgIM767.11G127700,1:1,out,AT5G14480,"(1 of 1) PTHR12224:SF14 - BETA-1,4-MANNOSYL-GLYCOPROTEIN 4-BETA-N-ACETYLGLUCOSAMINYLTRANSFERASE"
Migut.11G131800,MgIM767.11G127800,1:1,out,AT3G01640,(1 of 2) 2.7.1.43 - glucuronokinase. / glucuronokinase.
Migut.11G131900,MgIM767.11G127900,1:1,out,AT3G27520,
Migut.11G132000,MgIM767.11G128000,1:1,out,AT5G14450,(1 of 12) 3.2.1.51 - alpha-L-fucosidase. / Alpha-L-fucoside fucohydrolase.
Migut.11G132100,MgIM767.11G128100,1:1,out,AT5G14450,(1 of 12) 3.2.1.51 - alpha-L-fucosidase. / Alpha-L-fucoside fucohydrolase.
Migut.11G132200,MgIM767.11G128200,1:1,out,AT5G14420,(1 of 1) PTHR45751:SF51 - E3 UBIQUITIN-PROTEIN LIGASE RGLG2
Migut.11G132300,MgIM767.11G128300,1:1,out,AT5G14410,
Migut.11G132400,MgIM767.11G128400,1:1,out,AT4G35850,(1 of 1) PTHR47801:SF1 - OS05G0145600 PROTEIN
Migut.11G132500,MgIM767.11G128500,1:1,out,AT5G63150,(1 of 1) PTHR32035:SF12 - MITOCHONDRIAL MRNA-PROCESSING PROTEIN COX24 C-TERMINAL DOMAIN-CONTAINING PROTEIN
Migut.11G132600,MgIM767.11G128600,1:1,out,AT4G24760,(1 of 1) PTHR12277:SF154 - ALPHA_BETA-HYDROLASES SUPERFAMILY PROTEIN
Migut.11G132700,MgIM767.11G128700,1:1,out,AT5G40610,(1 of 1) 1.1.1.8//1.1.1.94 - glycerol-3-phosphate dehydrogenase (NAD(+)). / NAD-linked glycerol 3-phosphate dehydrogenase. // glycerol-3-phosphate dehydrogenase [NAD(P)(+)]. / L-glycerol-3-phosphate:NAD(P) oxidoreductase.
Migut.11G132800,MgIM767.11G128800,1:1,out,,
Migut.11G132900,MgIM767.11G128900,1:1,out,,
Migut.11G133000,MgIM767.11G129000,1:1,out,AT1G67750,(1 of 1) PTHR31683:SF164 - PECTATE LYASE 5-RELATED
Migut.11G133100,MgIM767.11G129100,1:1,out,AT5G14370,(1 of 1) PTHR31874:SF25 - CCT MOTIF FAMILY PROTEIN
Migut.11G133200,x,IM62+,out,,
Migut.11G133300,MgIM767.11G129200,1:1,out,AT5G14360,(1 of 1) PTHR47376:SF2 - PROTEIN BINDING PROTEIN
Migut.11G133400,MgIM767.11G129300,1:1,out,AT5G40640,
Migut.11G133500,MgIM767.11G129400,1:1,out,AT1G67730,"(1 of 1) K10251 - 17beta-estradiol 17-dehydrogenase / very-long-chain 3-oxoacyl-CoA reductase (HSD17B12, KAR, IFA38)"
Migut.11G133600,MgIM767.11G129500,1:1,out,AT1G48940,(1 of 2) PTHR33021:SF289 - EARLY NODULIN-LIKE PROTEIN 5-RELATED
Migut.11G133700,MgIM767.11G129600,1:1,out,AT5G40645,(1 of 1) PTHR33159:SF105 - RPM1-INTERACTING PROTEIN 4-LIKE
Migut.11G133800,MgIM767.11G129700,1:1,out,AT5G40650,"(1 of 3) K00235 - succinate dehydrogenase (ubiquinone) iron-sulfur subunit (SDHB, SDH2)"
Migut.11G133900,MgIM767.11G129800,1:1,out,AT5G40670,(1 of 1) K12386 - cystinosin (CTNS)
Migut.11G134000,MgIM767.11G129900,1:1,out,AT5G40690,(1 of 1) PTHR34278:SF1 - GB|AAC02775.1
Migut.11G134100,MgIM767.11G130000,1:1,out,AT3G01710,(1 of 1) PTHR47067:SF7 - TPX2 (TARGETING PROTEIN FOR XKLP2) PROTEIN FAMILY
Migut.11G134200,MgIM767.11G130100,1:1,out,AT3G27320,(1 of 1) PTHR23024:SF639 - CARBOXYLESTERASE 11-RELATED
Migut.11G134300,MgIM767.11G130200,1:1,out,AT5G57750,(1 of 2) PTHR45768:SF10 - RING-H2 FINGER PROTEIN ATL13-RELATED
Migut.11G134400,MgIM767.11G130300,1:1,out,AT1G13460,(1 of 1) PTHR10257:SF73 - SERINE_THREONINE PROTEIN PHOSPHATASE 2A 57 KDA REGULATORY SUBUNIT B' THETA ISOFORM
Migut.11G134500,MgIM767.11G130400,1:1,out,AT5G40760,(1 of 1) PTHR23429:SF0 - GLUCOSE-6-PHOSPHATE 1-DEHYDROGENASE
Migut.11G134600,MgIM767.11G130500,1:1,out,AT1G13440,(1 of 2) PTHR10836:SF76 - GLYCERALDEHYDE-3-PHOSPHATE DEHYDROGENASE-RELATED
Migut.11G134700,MgIM767.11G130600,1:1,out,AT5G40770,(1 of 3) K17080 - prohibitin 1 (PHB1)
Migut.11G134800,MgIM767.11G130700,1:1,out,AT3G01740,(1 of 1) K17435 - large subunit ribosomal protein L54 (MRPL54)
Migut.11G134900,MgIM767.11G130800,1:1,out,AT5G59440,"(1 of 1) 1.2.4.4//2.7.4.12//2.7.4.9 - 3-methyl-2-oxobutanoate dehydrogenase (2-methylpropanoyl-transferring). / dehydrogenase, 2-oxoisovalerate (lipoate). // T2-induced deoxynucleotide kinase. / T2-induced deoxynucleotide kinase. // dTMP kinase. / TMPK."
Migut.11G135000,MgIM767.11G130900,1:1,out,AT5G40800,(1 of 1) PTHR33595:SF11 - EMB|CAB62340.1
Migut.11G135100,MgIM767.11G131000,1:1,out,AT5G40810,"(1 of 2) K00413 - ubiquinol-cytochrome c reductase cytochrome c1 subunit (CYC1, CYT1, petC)"
Migut.11G135200,MgIM767.11G131100,1:1,out,AT5G63380,(1 of 1) PTHR24096:SF251 - 4-COUMARATE--COA LIGASE-LIKE 9
Migut.11G135300,MgIM767.11G131200,1:1,out,AT3G01780,(1 of 1) PTHR36029:SF1 - PROTEIN TPLATE
Migut.11G135400,MgIM767.11G131300,1:1,out,AT5G14250,"(1 of 1) K12177 - COP9 signalosome complex subunit 3 (COPS3, CSN3)"
Migut.11G135500,MgIM767.11G131400,1:1,out,AT4G14605,(1 of 2) PTHR13068:SF9 - MITOCHONDRIAL TRANSCRIPTION TERMINATION FACTOR FAMILY PROTEIN
Migut.11G135600,MgIM767.11G131500,1:1,out,AT3G01800,"(1 of 2) K02838 - ribosome recycling factor (frr, MRRF, RRF)"
Migut.11G135700,MgIM767.11G131600,1:1,out,AT3G01810,(1 of 1) PTHR31344:SF15 - EEIG1_EHBP1 PROTEIN AMINO-TERMINAL DOMAIN PROTEIN
Migut.11G135800,x,IM62+,out,AT3G50770,(1 of 1) PTHR23050:SF390 - CALCIUM-BINDING PROTEIN CML41-RELATED
Migut.11G135900,MgIM767.11G131700,1:1,out,AT1G76650,(1 of 1) PTHR10891//PTHR10891:SF747 - EF-HAND CALCIUM-BINDING DOMAIN CONTAINING PROTEIN // CALCIUM-BINDING PROTEIN CML38
Migut.11G136000,x,IM62+,out,AT3G50770,(1 of 1) PTHR23050:SF390 - CALCIUM-BINDING PROTEIN CML41-RELATED
Migut.11G136100,MgIM767.11G131800,1:1,out,AT3G01840,(1 of 1) PTHR45927:SF13 - PROTEIN LYK2
Migut.11G136200,MgIM767.11G131900,1:1,out,AT3G01850,(1 of 3) 5.1.3.1 - ribulose-phosphate 3-epimerase. / xylulose phosphate 3-epimerase.
Migut.11G136300,MgIM767.11G132000,1:1,out,AT3G27210,(1 of 2) PTHR34280:SF12 - TRANSMEMBRANE PROTEIN
Migut.11G136400,MgIM767.11G132100,1:1,out,AT5G14180,(1 of 1) PTHR11005:SF99 - TRIACYLGLYCEROL LIPASE 2
Migut.11G136500,MgIM767.11G132166,1:1,out,AT2G34930,(1 of 2) PTHR46662:SF99 - LRRNT_2 DOMAIN-CONTAINING PROTEIN
x,MgIM767.11G132232,IM767+,out,AT2G34930,(1 of 2) PTHR46662:SF99 - LRRNT_2 DOMAIN-CONTAINING PROTEIN
Migut.11G136600,MgIM767.11G132300,1:1,out,AT3G27180,(1 of 2) 2.1.1.189//2.1.1.190 - 23S rRNA (uracil(747)-C(5))-methyltransferase. / 23S rRNA (uracil(747)-C(5))-methyltransferase. // 23S rRNA (uracil(1939)-C(5))-methyltransferase. / RNA uridine methyltransferase A.
Migut.11G136700,MgIM767.11G132400,1:1,out,AT3G27170,(1 of 1) PTHR11689:SF155 - CHLORIDE CHANNEL PROTEIN CLC-B
Migut.11G136800,MgIM767.11G132500,1:1,out,AT3G27150,(1 of 1) PTHR46122:SF5 - F-BOX DOMAIN-CONTAINING PROTEIN
Migut.11G136900,MgIM767.11G132600,1:1,out,AT3G01910,(1 of 1) 1.8.3.1 - sulfite oxidase. / sulfite oxidase.
Migut.11G137000,MgIM767.11G132700,1:1,out,AT3G27100,"(1 of 1) K11368 - enhancer of yellow 2 transcription factor (ENY2, DC6, SUS1)"
x,MgIM767.11G132800,IM767+,out,AT3G27090,(1 of 1) PTHR46034:SF12 - B2 PROTEIN
Migut.11G137100,MgIM767.11G132900,1:1,out,AT3G27080,(1 of 3) PTHR32409:SF3 - MITOCHONDRIAL IMPORT RECEPTOR SUBUNIT TOM20-1-RELATED
Migut.11G137200,MgIM767.11G133000,1:1,out,AT3G27060,(1 of 2) 1.17.4.1//1.17.4.2 - ribonucleoside-diphosphate reductase. / ribonucleotide reductase. // ribonucleoside-triphosphate reductase (thioredoxin). / ribonucleotide reductase.
Migut.11G137300,MgIM767.11G133100,1:1,out,AT3G01920,(1 of 1) PTHR42828:SF3 - DHBP SYNTHASE RIBB-LIKE ALPHA_BETA DOMAIN-CONTAINING PROTEIN
Migut.11G137400,MgIM767.11G133200,1:1,out,AT5G14140,(1 of 1) PTHR21354:SF0 - ZINC FINGER PROTEIN 511
Migut.11G137500,MgIM767.11G133300,1:1,out,AT5G14130,(1 of 1) PTHR31517:SF51 - PEROXIDASE 55
Migut.11G137600,MgIM767.11G133400,1:1,out,AT3G01930,(1 of 2) PTHR21576:SF73 - F1C9.29 PROTEIN-RELATED
Migut.11G137700,MgIM767.11G133500,1:1,out,AT1G27310,(1 of 1) PTHR12612:SF0 - NUCLEAR TRANSPORT FACTOR 2
Migut.11G137800,MgIM767.11G133600,1:1,out,AT5G40960,(1 of 1) PTHR33128:SF54 - OS01G0849500 PROTEIN
Migut.11G137900,MgIM767.11G133700,1:1,out,AT3G27030,(1 of 13) PF11820 - Protein of unknown function (DUF3339) (DUF3339)
Migut.11G138000,MgIM767.11G133800,1:1,out,AT5G40980,"(1 of 1) PTHR33128:SF64 - PROTEIN, PUTATIVE (DUF 3339)-RELATED"
x,MgIM767.11G133900,IM767+,out,AT1G27290,
Migut.11G138100,MgIM767.11G134000,1:1,out,AT5G58770,(1 of 1) PTHR10291:SF0 - DEHYDRODOLICHYL DIPHOSPHATE SYNTHASE
Migut.11G138200,MgIM767.11G134100,1:1,out,AT3G01980,(1 of 1) 1.1.1.173//1.1.1.378 - L-rhamnose 1-dehydrogenase. / L-rhamnose 1-dehydrogenase. // L-rhamnose 1-dehydrogenase [NAD(P)(+)]. / L-rhamnose 1-dehydrogenase [NAD(P)(+)].
Migut.11G138300,MgIM767.11G134200,1:1,out,AT5G14090,(1 of 1) PTHR34959:SF4 - PROTEIN LAZY 1
Migut.11G138400,MgIM767.11G134300,1:1,out,AT3G62870,"(1 of 2) K02936 - large subunit ribosomal protein L7Ae (RP-L7Ae, RPL7A)"
Migut.11G138500,MgIM767.11G134400,1:1,out,AT3G02000,(1 of 1) PTHR10168:SF128 - GLUTAREDOXIN-C7
Migut.11G138600,MgIM767.11G134500,1:1,out,AT2G33490,(1 of 1) PTHR34119:SF24 - BAR DOMAIN-CONTAINING PROTEIN
Migut.11G138700,MgIM767.11G134600,1:1,out,AT3G26810,(1 of 1) PTHR16134:SF45 - PROTEIN AUXIN SIGNALING F-BOX 2
Migut.11G138800,MgIM767.11G134700,1:1,out,AT5G14040,"(1 of 1) PTHR45671:SF10 - PHOSPHATE CARRIER PROTEIN, MITOCHONDRIAL"
Migut.11G138900,MgIM767.11G134800,1:1,out,AT5G14060,"(1 of 1) PTHR21499:SF54 - ASPARTOKINASE 2, CHLOROPLASTIC"
Migut.11G139000,MgIM767.11G134900,1:1,out,AT2G31410,(1 of 1) PTHR13557:SF1 - COILED-COIL DOMAIN-CONTAINING PROTEIN 86
Migut.11G139100,MgIM767.11G135000,1:1,out,AT3G26730,(1 of 1) PTHR12983:SF9 - RING FINGER PROTEIN 10
Migut.11G139200,MgIM767.11G135100,1:1,out,AT5G13890,(1 of 1) PTHR47830:SF1 - OS11G0534100 PROTEIN
Migut.11G139300,MgIM767.11G135200,1:1,out,AT3G56830,(1 of 1) IPR007572//IPR036259 - Uncharacterised protein family Ycf20 // MFS transporter superfamily
Migut.11G139400,x,IM62+,out,AT3G27110,"(1 of 1) PTHR10120:SF26 - PLASTOGLOBULE-LOCALIZED METALLOPEPTIDASE 48, CHLOROPLASTIC"
Migut.11G139500,MgIM767.11G135300,1:1,out,AT3G06430,(1 of 1) PTHR47874:SF7 - PPR_LONG DOMAIN-CONTAINING PROTEIN
Migut.11G139600,MgIM767.11G135400,1:1,out,AT3G24560,(1 of 1) 6.3.4.19 - tRNA(Ile)-lysidine synthetase. / isoleucine-specific transfer ribonucleate lysidine synthetase.
Migut.11G139700,x,IM62+,out,AT4G20310,(1 of 1) K07765 - S2P endopeptidase (MBTPS2)